address,amount
stars1azes8zlagztlwps95mplm39vwpld08d45ejsww,67
stars1wv9zw2j23gw72tuf5hq03spe0xtrrkl79gf8ak,50
stars1esht4tx9ep8lq3m3jh48e5fw6wf2gve6ypslnx,42
stars15ucydnzg76mlt6kc3j4qmqtxh733k38382e0xz,36
stars192guner3ahpkfegtptmw2dfxscdqvg3fkanf9n,26
stars1c04j46fdwc09cpea9exvpcml93zq2m008nvs5p,25
stars13ml8ncuzcecwq5mxpk2n3lef8pckr588va6kkw,23
stars1rhf8wp7m7htjr0elpah46adkhc3sm28sd8swvd,23
stars1wtcp7m7589vdmsse30rsrlt357dwy0qygc79uf,20
stars1kg99k8wd67r0ffxwavgnxup7yk46rvtthshe4u,16
stars1kqtp8pr8fnnejr07y2lpe8tqy77jw4jnrf7eqy,16
stars1m3yl67vexemvlkwfshy9szyv9ppkz96z40rf0g,15
stars1r6f5tfxdx2pw5p94f2v5n96xd4nglz5qdgl4l3,15
stars1d4pn8f3q5dn0g4uwr2egh5mgzrnf7fhhjp8jk3,13
stars1saxd6s0sszru4ut8cwl8q36e8pu8zksrcwyx3w,13
stars15lv7hvuphrf8tpj872wkln9pl0vjjtnyrf3eyc,12
stars1442jxc2sdh0rpw20lt0w2gep50kypjy3culxc2,11
stars1rtc9ymspxvq6ejt7ck39fm2wnnmy6xv5yuq2jh,11
stars1jyrnxj8t97mryfywwt2mvaekdm0geycvyjhtt4,10
stars1mqypstgwxah7mnw2dqh25g9f3qq55zg9g9650z,10
stars1rafqlhkvz38d9jhzkxumr78nfg8gyce4w5r2kr,10
stars1p0yrw4lawfafed3gpsr3andz8mc0skcdqlm3e2,10
stars1xs5qu2phffkgyge0dfj8cparwa9wun26tn8n59,10
stars1ap6adasc8tlumd9a2kwvaprf0x6wf4s6sj5f6a,10
stars1hukwqulasgyg9mreh62uj87pasdwtg8ya4dpgl,9
stars1l4kzcv0asqxsgtnyf7gkedv7ek7d4wpkxqhjly,9
stars1h3dyx82jpsdzdrs0d5a8me7apd27l6knmdnm86,9
stars1ej3tct7uczdpgeeg3lmy44cm7fty5mpfp6rzef,9
stars1chlpr5rzmk99ctx082ekeh4zscvjjeca0pm0e5,9
stars1j6wxkq6wv2vanvz2mzptsg99syswadz0u6gmvj,8
stars19ajulm47nne9ukcjup8tnuhurh2jxyfevhyaz8,8
stars1xxm8rckremddly3q8uj04xpczh7g5h9t2q5t4c,8
stars1cxxnrmffzjd7mqhh7j3ygm2u0ap75njulaq0ar,7
stars12s7cfwfj3jc8f89cw8ws0jfaux37tyjwj76gl7,7
stars1xt2zcdhdf02jx5csak4t25lygfn4rwg7r2z2rz,7
stars17drl3u8mxy8nyz5fcrudnf5cjagst7kv0kafdv,7
stars1p89fj3qgl50w066r0rz0zyfn2msgh85rmlp4jc,7
stars1qv3at230lvgjfjqstyswfn3nkrayu5s3zzxfku,7
stars1jjlltckj572cdscmhl5wg0dwprvn3ax93qa0r5,7
stars14ek8x7prpmrqhvvysumqzhapl32ku7erru7vcn,7
stars1340wwpwvp703vrjj48zr2flmw802k2mcask5pa,6
stars10jm8fvdyqlj78w0j5nawc76wsn4pqmdxwjyelu,6
stars1d49fac9f3d8s34t8kh7v69uk37hwz4nzv6nn9c,6
stars1drm7xxh3l66aa25edw9exupkh4fvlqnzyvr690,6
stars1hdsmz2kqftgk2ypa5t62aauvl0y3c2nf7tqh76,6
stars1el452vu9h5gwz74ymrsst6zwv95cynnw7fxg2y3t5v8wz7et7f9qpk2pzy,6
stars1p4js0h9rxyjh0yvw5meqx97r8yvcnpchglrdnl,6
stars1tmv6k8a84q0yuzhav3dc5zu5qw95selzcney0l,5
stars14szcsqlwucecyn97g730qsnsq0rg68zkxnhqzf,5
stars1q9kkh0wj56mckpu0m2skfkws8leeg2du7zta36,5
stars1hyhmssn4j6fxlvq58ctlpxwg5az7shg7zc77rp,5
stars1dqsmw3sryd4f8ty8sl455ym6usznmdvlryggtz,5
stars1azy7xegyjprqw3x882znu3e0kx273579dgtw67,5
stars1kwksnys3cnjqp6lt88ef2ay46jl5jaufldl9y3,5
stars1c0alnmdraq35ds7v7k4fcm3322dx6v7y30ntvg,5
stars1z28n9utzj7qtj3p8aqafl6uqjxakx2fj9x7jw0,5
stars189l7q25xdttvlr2uug46vk8uqcmhh6wld2f826,5
stars12q567kam3tclejefg8jggkxfxues5xlhg3amg2,4
stars1ae0lf58wjdtqckmf0f84rx3ckyjvzn7hfed0mz,4
stars1f4tfssdyvjuutm4s8w770nhek2f6f7yvt4e78p,4
stars1xh9ry0u6cnjq979zpt644fjf8heaclg9jxkstg,4
stars1k3hz2mg7p94re6s5txkzgdrkllj2s8mnnyxh9v,4
stars1agn6f0dsw22zda0kvrpadlspkrudmdlu5krk74,4
stars1c7l3lvqp53fdg4ux8yvemsf540s044ne29gwk4,4
stars1f2026phpmwleuxv5g50tetyenfhqwtt5em0zqe,4
stars1k6drrhlzkdy9rmgc4ekaeathcdpn7gwgccsvka,4
stars1u8fl0vnp8cp2a9yszgqaqd6gundlyvgyc8z2su,4
stars1wv8s3cflrukukpe8wt0t246ewamshqlnrq789s,4
stars1xecwg42sxtnz8msrgcdlzt4f0k2ch0w034xaxq,4
stars1n5ccr6zjrqp78gyc07jvmspx39x2xmt84qttf7,4
stars16zlzmce8klra8je5qu24q8pw7tgplnt6wu2sa9,4
stars1neqprx4sd0xrs4snn2q9ccchg6ksva3p0vxcfl,4
stars1mx4h4zfta4rmx24ddu0js5r5a8ymyk0qda3mrk,4
stars1jzekzshmt7hurf5j0qkprnv0tnrj9mc0ulvpdk,4
stars1fxccvvhhy43tvet2ah7jqwq4cwl9k3dxgcs74g,4
stars17qrfgsyepv3mk2f29jkvf0y7q0fnyx7dd78l5z,3
stars1lh6ruf253fhjykdesvfccy0y0vhjque4uwcey3,3
stars1c0ptd0ftqjtxtmuuawd4pgd0us8nkadqkm8tjw,3
stars12wkgg6kgwcat42682ch2r4fkc5s5y8y6gsypmv,3
stars1xjdw82tj8zmfvxe2ynw20sgqfr9tu6ak66jpty,3
stars1zvd8c2wk0dup5rxctysa6p0y6ruu0c34np0s8p,3
stars154qggy89597vszvypep78ws0t6n284we5rncdd,3
stars1pxxxte323hkrer8ervmgtnlfswkye03aq27ta5,3
stars1q7pdf8eqhna9x26xjngsrqeg00x4tsq2qp6zda,3
stars12k37rywvpxrmv3cans36d9zwpvugav629dja2l,3
stars1unltyrzalvrher905lc58mlrlm2l7g9rrq3tg6,3
stars1ejg47nax3ql39hd9zxhnuwjjquzn8hm9aevmfk,3
stars1qm9gkn8xrs87z57z4reevevjy4qztkdt0twfj3,3
stars1dxnnklh9eq2z77qht8lhna4s9k34vqszt9fvz2,3
stars1uuw7kqjlmhunhyja9d25ludm8c34w663nazv9g,3
stars12x83csf7kpr3emumrn6kw3ukavqaphxkq0zva8,3
stars13hrf4zuka03ew2064gmmsa9qvxcgm2ns4mvma5,3
stars13nyn5v2mxv8cs6nj0khrxy9wkmw7ry0cuzrvg3,3
stars1rwydv5jdmt8lje45ylxtr56aaw3e59nspc3jr0,3
stars19u3je9zlwt2266kqgf47nvns557ce4w7jzquqd,3
stars16cgl3nhhxnrw9pt4m4cnvhht3qgpv90vu7yjh2,3
stars1s2y6cdj3htw3pps4u4duktlfkdwke3y6vy33wx,3
stars1v6umul8nun2xaml2y24zrhwc3gx2lv38azxkgy,3
stars1rtq3yj9c2xehldkgtujcc4064s6kvqxah0s22x,3
stars1v5nm6srgh3fwkkw4sa0umvvfvtnklgj0gyux6w,3
stars1n86zrd6zfwuyl2s69ktyzukjdsdyednlg2a6ez,3
stars18hj0dztsqyarjvfa30d64csj3ms06er3a8cjg3,3
stars1aq5yv8pqghxtpwngmfwy33wpudkjz5vvhelanw,3
stars1sfc34ujkys84eeqmegm7lle955y3edyt5gf4x3,3
stars1z84x44mz2vye25vxkhlp4malu6ktuk7u8zmvnz,3
stars1qttmfljc3qcerypthjtxw4a8675xcf9ht0a9tt,3
stars1p6p0wwcgxj9alaj27f2ggzp7zsx307slp0cnff,3
stars12ke9n0pz2v422tkz6cjpn9759z53ewsttysfy3,3
stars19g4h644j3z3dd98c0lg0xmjex8axerrgum8rel,3
stars1904h4pkdezcm7xcxrcum7cckr4wel3kad8m9r0,2
stars1plvc5rje5ux0un6jze7zq3fx5n6430nw540k04,2
stars1mlxynkqd9js8tkdnkk0e27lgz7x9lt866n5r44,2
stars1yfgvyv3jxact4l6vkdfs0kdtsfvkd0ch8rd5tl,2
stars13s7vekg5x3ycj9d5lus4mgh8fh4zylvs5yfvnx,2
stars1waac73cpffx7suhpkvnn8w0a8s2cgzn6dffnrt,2
stars10xece20sfz2d67uxx70w2y3m3cpmtglrc6qn7c,2
stars1fjn0vr4dma5crx2rctv6vmfwxx0v0vrdxh3qqh,2
stars1wu9u72xx7gv5m7z6l4s05jwrzd3jjj5vq0wcjg,2
stars12z5p547fu3k6n3jcwv0u8znrqrnjph0kq3kqg0,2
stars1mmautp4x5qgfst0altvt85h7hwfwpsd9clhpe4,2
stars1c92ae0rglw6p4xxpt30lqx08mhs7sgh4hm0r8a,2
stars1gxzpkykqhhkrm0ep48aw8q2s8czsuwkl6rltht,2
stars1veulyzm0h3gvswh2ham0d904p7r9jwz959ue9l,2
stars1a0wncd3r039lj3zcuhvkhwwrdch34kfkzf2j8p,2
stars1786dn77nerdchdmkp6lentr85f6d6avwlf8704,2
stars1905any22zesht2td96ycftkfe8yjdt3pr053au,2
stars1vm9pftrc8ppasxpx7vqrrc5zmdrru0h6x0xu4q,2
stars1wwlvvjqpw3d9q6xum69f2ph4z2da6yx9yjrlg6,2
stars1d7r8jy7fxwh2t8fmugj0ufh5y0n24u4r3twptr,2
stars1d7sw0t3nyajddyjtvwargqkypqx0yumdarq302,2
stars1ae2vnksyrc7a5d6udr4yjxv89cl69s9l9mekfu,2
stars19kh5z7ujuuf4vlrphecw50vgywemdd7xehh4tw,2
stars1lhne9t5ku3p7z7rm55rcl84scj8g2wmh00vk0t,2
stars16ajvq94kfgxxhal2h4sfcyy42ww4jrrr5mjyt7,2
stars1nt4gud8r30l76hehhfxftklc8d3t3cv056myzj,2
stars1wum5vwt8glck5s9fmve04lpqdrwu7ugjfe0ym7,2
stars1vaznrpa57e73nnty5tvtl8xz7hlf4jvckf7vjq,2
stars1quhdp5phse3cwr49cnk43jhuqjnzrzxxgjmr8z,2
stars16r4ewgggfrty3ufc4f5lv5mt7hxmpjn5tkxlsx,2
stars1uaux0dl3gh40y9czng2eqn2d52uu8afvylv8u7,2
stars1yxt425jn7rxgzagxlhv9l2yajkv6n5htvkj7sw,2
stars19e3pyu53c0c65zcdnzhd4t680pnp3m3myngv7v,2
stars1szq6y76wqkcxsw2tvugka3zq483yf60847x4ll,2
stars1sxl0vrx60x82u5krrjwcde3alsughpf8uflpja,2
stars13stj4dcva0efyew5a9dk2ehp0zqwyv2j0l70uw,2
stars1vdmjsdg80660znsjuh6m2egjat5u7lkljh9f9x,2
stars1cpjfjp8ax7h54qe09g0zxjxtwpdt546mczeemt,2
stars14h6cxd3vs8s0emkkcfrqegd5c2cysa54yssk9d,2
stars1zqrqju2txhnnwtgn0d2jutnassmg973322nzsu,2
stars1dl5zhc5wemdmyy8268jqeujxnxn6lqjqrwafg3,2
stars1mge6lnd88kvrm0t4088c72q5ue33qhsy7nu2yw,2
stars1dlmkrf2tv4tfr0j07j4u8y3gswzgztytuy02gn,2
stars1el25n4548xcnqv7drhmujjahsvv5u2kmawwk04,2
stars1tg70tuzekpd376dpqr68yx5a7r709w6xm40t27,2
stars1jh0dqtg9zmlmxqys0nfwdpkvvvk59n4z4g57h4,2
stars129e9nqhpupsl9rxmd9t0ehms363ghyyeum49zr,2
stars12ks64am3kdgnnym8tglmwc24g2fy2p0s5qph48,2
stars1qfd38va9nxgzt8ys4zxtrvmplpqhmnnz60tylx,2
stars14cz4xzkzfale5f4gp52n6mpp5ztx2ynzzp6p94,2
stars14amduhjazqhwtkhm6kutdcy4ux5zazf5shrlpy,2
stars1z64amnsgslu3aqtqs8a37x0e7qt2tuc3kthfdx,2
stars1zlzqugu38wv4my0lfyltvfnfce5l5vtvn86yqq,2
stars1x5k9dkl3vntlqtjmdggs0cvfv868c782mmcatf,2
stars1pn8nw8mu3je4wtjmsxtshu250h930t306cqttc,2
stars120wkrp6926lxx90fnl9h7rrk23ltju2tcx4z52,2
stars1rp4fupd6gkvl4e6lueed33ptqy9gd3mjxe5j0q,2
stars17fgw2rewz4rd7rs9c94nrga0xgv3m53nr3y6rw,2
stars12kdu64aqfwwfnt7af4nfqsfjrlxsprvmunezv8,2
stars1ky42lgprs3zr8299mgezxp03yrldqhhesvuqse,2
stars1f3cqss2xwav7wxu993cfj4lldtvqs33lwudlqs,2
stars14ekmnjuvqx9k2kjpmy5p2s4gklszfkcw4w4mek,2
stars1dqxyc2pzmwrw0v6e8nf9alsz9d42ffq9686gvr,2
stars1yjh55mu7j58s8z9p604ltjefg36nls29dugxud,2
stars1cw7hn6y8zn46mt80ns484f8kuk90aq5fcllxlm,2
stars1u8xff6p6p4uunrpha6m7fskv6j5z49qhc7cjk8,2
stars1037w0kq7xwv87sg52qahwswsnreqng7qrgqeh6,2
stars1hwuvhvgpga8n7p3tdfductq23aegnge7uvfx9w,2
stars167x86wtm089su58a0sjg4cg4sumhqyktyqu7hh,2
stars1htykx3lxy839905cfsskkde4mvqqq3e6l7p0aq,2
stars12kgwvf4l2zrwvhww2zh846txgp8expzqktqeqk,2
stars159d3sf8pj3a9pmmchgadfquegymu3c3fyvn2py,2
stars1ssd0el3h44ee58nftz0ps4wnxc2sf6umq4yvj6,2
stars1eqzs3d344pewqf9um08266h9dk2ntkcx07m4sk,2
stars1psdhnw746sej28ruup7uyk8ym227zl6egv302l,2
stars17wz08283rjqkra2qsgfrt8tf4pt5p86q3ht5w7,2
stars12w9kf8xqe52uvgavtgvjgegasvmlqueewyp0qk,2
stars12hrhl7jv3jsdpknm2402c9cr0ksfzpexr6c2h9,2
stars1vl0qfa3gkm6hlqpdhe244kw7398y9pjaw9mycz,2
stars1mqgh4675frwheraphc3tkefyvsvucgkwnh2ffr,2
stars1c362wx6uzfuncgm4t0rex675pzxq7nmp944m96,2
stars17pe4wffe5n094v9xm3v0jyvj38z3rzuss30lex,2
stars1xex5n5q54qh5n7vslz9tls6k543hah3huh7dxn,2
stars16e6zmwgscxee4vg7d069q8lmxculr0uvkfdjxj,2
stars1mv92895xlsw2xmdkwey5k4cfjhhky6u5t5l3hj,2
stars1p2jy2vz20n6g8v5u40xurqpe8uev845ppxg6nc,2
stars1vygj0ewwl7wz8dkd2hlvx5gqcnl4rn99h62rh9,2
stars1f7p5ukexeutewgh4zrrew3k0x2vmztj67kvefs,2
stars1fknp935wmndpcvf3vkp8zxv3lxgzzy2w7dfpnq,2
stars1jzt962czzt3ruwsapec9fzmrm7kcj442vjk36c,2
stars1fuvcqj8uw8mkysptlfgjjshvn60jvmhr5s7stf,2
stars1e5hrgj6ud2v5mptvksjt3c42vy5snyd5sqd03w,2
stars12kct4cfuwh7vevec7c4y9slmee949qrjp5ds2x,2
stars10lxgdhq65ct02fsr9k8cd4z2a38g77xye4hun5,2
stars1ep3e693serx5cyja05spkg6jy20w3rny99v3zx,1
stars1fjdmy8twfnhtvz80f5pjmuzdwnzlwexnqepj9a,1
stars1u0230nvy30v66ldzg05rtqrgv0t5np260xpkkd,1
stars18zlg5hsej6e40cfpya03339lfk88rqjx6mhdv5,1
stars1xfkye0m38p9ehkrqt528w0y3u4g6v6we4a2l3n,1
stars1fkpt4pyfhalc2uq32rhzh685arnkkscqhkhme2,1
stars1sxnqd6nmq29m60rjtqqk8t07qm444ytgvxltrd,1
stars14maqgce56gy9kn8yyprvdkpey5dgft3ur7xfql,1
stars1kzzxtjz2dt7ukna9pcwcr76n0zz6t0d6hnyl9d,1
stars12p7tjdql4hpneyhnads7rn5llzfhm5t7z8wzk7,1
stars1ax62wt454gwj3a3vzlk8xx2x03gn9w0shhtkk5,1
stars125n4hrr20ts0pp0nqpu8yhpakvs8qyerk75geg,1
stars1f5422vy9ptha77t463wpudxlr3q9wj2tvy4f3l,1
stars10q5x550c8npnu7k7hhul4ht8nq8lhn9t6zw3uh,1
stars1wr2uxg578rwyxfsf3k7dwnhnwhspvqrc69cyxu,1
stars1y08k53p3r47q6crv2a3qfjvlfspyasxy2d3gy8,1
stars1zxmky65ht2tmvhswxqk7vkw8tpnj7vlpt6gkcp,1
stars1me47ahvz7695fu5kt2jp98wh55v6ylm4sc4cus,1
stars1ez9tnyhh08myyzshackc5aemwq4fv7gzdqukq9,1
stars15jru8c993essudkqwu8xcmul0dpkas9653ll7z,1
stars1r25cvjrmgywym6jdrp7flhf3z4s0k9mxhkn6dq,1
stars1se7q4hckcr6xmdtgyd90z43awc3e348r9mpr07,1
stars1sl2e4rx3utfmtkyyk3jxe494m5r0n5dcgxyfrm,1
stars13dmykysee3qnlkky6srnus0qjnh8akpw38vk3w,1
stars1dnl83rxxgg29d7zgwam9sldnr6chtftdvdcvq0,1
stars13kd430t5sxclyhwfsfvklehwnsq3uc03fw6vf3,1
stars1c08tg5mgqp5u4ynvm38ap3msz7hrgvuz6f625q,1
stars14sqt57zuntydue6k65lugvw9xps5nkt4y5jr95,1
stars17wkmzg6t3xqwpr9x847k3y2gm2nrw9cqmejkr7,1
stars19m7yzr6srxsz4q7099paywpj9hu8rgmevn9yrl,1
stars1qkjcqvwclse06h5zvznhnp9ngvzz74z5pst5sr,1
stars1aptm96zt5xq4kf6q386e0mf23j33sekdd53ree,1
stars1xhewcgc9jprgmv4j8aqfp8d52dqd3n45j9mzyq,1
stars1hwvj0a8hmtlq8593qthsu0r748y4kek2fy9cyh,1
stars18xllr6vfl5qqndyw4m85wny259y064rrawwlgg,1
stars1hyz6tax54evcfv4m4h3s7hpfjx6vp8g89fveg0,1
stars1k4yykdjpfpeadxcqx9ywm73qfye6mv4ug0x7nw,1
stars1zx3wcr0yxgc7dmu303932srldw8c69p8cztmet,1
stars1sz5nhstldtujfqfhdrranfyfpmh0yac6we2997,1
stars1jp32gpmj478emhmf7xg7ftwgrjmhdkywdk9gca,1
stars1mxtmw7n3ctwsrss4a37eqg5qzr3w8f9t4qgcn3,1
stars1tentvycdxl5v7f6xtlemdywf4j8mwq4elsg92r,1
stars18uyegc60smwy5yadw6ll99w8qz8600y9jty45s,1
stars10dmz3m9az53sa59fjmlea7wsjdme95yj0s5xm5,1
stars1ssgz49n7a6uc0xvxwmx59t60mgktnk23musf5v,1
stars1zue3u2ctq6l6vrucwg6qs0twyx9h36ntddx7gf,1
stars1wmvvnk6gx6gkknvegslgrydmsx2khrdt8jz5xt,1
stars15htccjjneuc6cxl8se6swcrfg86n5n2r9p79fw,1
stars1fl067h986u5eyjat2zzq0svahplfy9waqfet7l,1
stars1px6avm9c7x06hm0tat0lrv4txqngwvr934rrmm,1
stars10gkr0xujp6ssggd6rfv9v60efh8m30ylyyz3qz,1
stars1n50lj4k8h0aruzyrfvtaltlvq34zhwrexn9lvt,1
stars16mequypt98tw2h4unfqrexx5zngl32949whc0k,1
stars1xp0qs6pkay2jssu58p8eap0epdhwx5mqrs5c3a,1
stars1w6n45fktc37gn2978450ug24fzs4fwwqlgxua7,1
stars19y0q6r3stt3k2t9aye2tnyx6kpyq5gnm4elhph,1
stars1aqytrjpnyfj674we793t9cnvtq55n22d7amrhr,1
stars1rjgcsz3kd9thng0cv8rz7ypw2k3cx03y7swx60,1
stars1x79yqj836j0jxsx9s0u4c5t0vwq88jayckjcwf,1
stars1uxqzsek4tmc483v0dpzjvt0pc5j804g5v2vx3n,1
stars1e6k8n7hzsa9057rqelkejp8wa878xyqtz9g85g,1
stars1glv70yjyqgvykfmp6skszgpuml345t2zumz0v7,1
stars1wryt0g4g7h8eldzankzpx55kraljjepxs9hguc,1
stars1w4mhvxws966kyj6u5sw90czmhu2rgwjv29fu7l,1
stars1a6086nvvgrlqsua88c7j2fjssykn2ks0u7ttdw,1
stars1msa53dd90dn3vlyfjpxckqfaan0jffz3w3uua0,1
stars172t2px5f3f779z8650zwym2kgmq39sfnmmacn5,1
stars14jujr4ja3cgnnczpxdyzs5u4672gsckg2qgl3v,1
stars190fxhdy90njdcvfqdqm4twzt2jhnxcf4h6mlzu,1
stars1avvasm9kjmlc0v84780w3j37q3uvewge9hr259,1
stars1kk87nw05pzk52nah3hj5uhh2uq6pdq5vkp4v0m,1
stars1u62m9862x0dch0y9tp0eyevz0dkltewrnhzkne,1
stars1tzkvwplu29h65jkchudyrcqfuzex9ckug3s8vk,1
stars1fca989yw2y4dgjx0hymkfd4ush8q8nav3k80j4,1
stars1z55e5anfgyx45jzlcpvrhcueavfv5xggfh7ccr,1
stars1yqgk7rk0x6942c3tesne49k99zfag4j0ucxt3q,1
stars104aavf30j5uwvw2nnnmnp45hjzx60sdqwvfuqj,1
stars1m7wr3acaa4ren3df4h8m5ljdwj2cf733g7h357,1
stars1uu7sv5kw9jx970jqyrh2rfsg7wr7kxzpet7fl3,1
stars17vcp0h44386jtpx6shhxc78ps94uq7rc4gau75,1
stars1xk0gj85vv46fke87up0y373sqzarysh39zwxzw,1
stars1w6q9t4zkuf6slh40ufggpfkvswjwsefa6vcu0w,1
stars1lmfvvsltmghkkzjza2eke0cnzpgp0nw2rs5m0y,1
stars1s7suhvxz3t7sjg6czdajqtpdc0u6fsr4z5sfey,1
stars1v0u9rcqpp65rslucp02enkj93tkhj2f8hxfq6c,1
stars1v3jc6ah97skzh9k2ay54r5g060tgd5lq3p7xue,1
stars1mdw6c4uw8kgj2elve6nk3s4ntl052gt84l7vy7,1
stars1ka246r8gt3ncu2jruhwe8jqteuzsz5cereklv4,1
stars1hk39e3l5sz9chh0tymudkuzatj5a5l3xhrfsdg,1
stars1gls7882u9kd8s96um6ehy8659fr4era60l5kll,1
stars1av0yvuhdd4m3qc28r4cqqq57wxenqj008hkkmu,1
stars16s6rep6lds8zq3tc2gp3fnvq06h20whavv4x9d,1
stars1s7yqwjgwke4hgmtwl0zd3fpdngt9y7anuenfr8,1
stars1g09rpcdrv6986a9kyruwgnzclkq90pdh7z6r85,1
stars1r0g0k4l57866nwnmhw577q5td8vq26skz3txwq,1
stars1yvsp4fvj6wwh9wwdqrj4l86nf2sz4czge6z0z9,1
stars13a3gql0mw0x7sceuxpcj6y3khyycwcflrk4d8k,1
stars1dpeq9r9wnnxmlmnejemrd3zz0qhn00dh05nq7e,1
stars15ku5u2vwh607hg54qam80c7rymxddgf49a7667,1
stars1avawwfdg73hj94urflrsum6uecefs0syd2kgyv,1
stars1wlureh2j6exueae8hlp5v67uedjvesjreltjnf,1
stars1e4qkfvwy4qjn4c0s273kn5p5xk6fe93sccfv2p,1
stars1nxp5flu5n86gp3jkm49zr6vt9as6s4mkyhpr8a,1
stars17g2qm0atankjxhjdwzks3s9e3p42dxy4myrvwy,1
stars1k5cam3ynrfdyjknn8ue8c8lke5xt9cl6atlke7,1
stars15n6aq5yjur2uvz5cc0jl75u35almgsv90462p7,1
stars1q7htpg4phqk7z8lawakew3ne6kvgwmmuc0gczz,1
stars1xgm4lk4s60ggry7uxwn6k88tc3j6c9y6vzteuz,1
stars1dvsc8g5qqh6yhndaccgzlzankme7lefyj7ccc2,1
stars1tgfglp00c9susa2r87u8zrnc64ndk9576zs7rx,1
stars1lqty9f24zylvju7p3syacwmzcwm98w6pn7cycp,1
stars1sezunc9x6zwqldypxnn26r9mkqvvlr95fx9zsg,1
stars1c3npk76g58khsxlljhadz5pkcey2w04h97vrx3,1
stars1jq0g5c6cq8s84rgzg6ff6frs80jg44nl5f2j6x,1
stars174ey4wz6myznrdus529fuws3rnqw2dajvh6yu5,1
stars156jqg072lv2le033k344e7cxhtjw20nl9k7lq7,1
stars123r7mnlg2c46nsltvd0vdfxukjrc8mwukl0zhk,1
stars1zs079m2ahaks2t25mk0xp776npnvtyk6esg95p,1
stars103verdnv4pzztty50ua7gs5gj25l2gwud4yz2f,1
stars133pc93kq8cyc5x7x89uh438jdpdxrq8u7zk24l,1
stars186psvp8ykv6zgcemtjryqxemg366727ulerdyz,1
stars1z30pluzn357unqxje6z2peshkxwnpeftymv9a3,1
stars1ct9tvrcwqdtqnfzd2t0duslsrk7yzuwjwavqdw,1
stars1d67k8zyt2p7tzr78vfkqzky67k4nzu46strtrd,1
stars1jtde99gd8jx4clud26kn0fssyturkrfg0yl7yn,1
stars1mvq32pfuqm5umcd2kt5d8jeagkx6eu3h4zgxpy,1
stars10hpjn696zqttksvath6dnnw96yek3arfk8s7s8,1
stars19enueunlxe28kf6csmnljsajwv5zld3jx6p2vv,1
stars1jv2tec555e7zuqx72gg37wn77yg6hj5v9rvm3c,1
stars172zvv459r80n2jgcmm22kmfzw6pq7akhhgy93w,1
stars1s3fmjvk8k4wgk5png9ufnfyehm20u07c05v0l3,1
stars1nhj6ggsrtsn4cwjffyecgd82j8sf7y3cz9svm0,1
stars1xhevrq34jx5dtjvyv2gt6zh0w3lxzhmyvj23d4,1
stars1xkqury22wjyhkj62ckcqqqjmqnda2rrprn4xy3,1
stars19cwzahh8yd4gn9twg967jvpry6l7fjazrsheuz,1
stars1z359drthqhsw469rxczzsq3hh6mg8pxestusk3,1
stars1vxykcs9pyjkrnlv9vc4kaf4s6snprrsknvplxw,1
stars1cjqj8u6k80prntfvkuceaj27u53l4fx573eh3g,1
stars10x53ljf7kpvdksr3xeg45c4s7925dyjjmkskej,1
stars1jsrj0khtsh4qk8lstck40hjf8ffak2lyfrw0zu,1
stars1cs0ysv4l5rk6h3tayrza4x9lphk8dpjv87xce8,1
stars1gn9764v2m2t6wu5zwfrveuyvuhp08epxg3dluu,1
stars1k5dwx37dj2fyk7lg72aspdy9x0tyxzyn9uu44m,1
stars1nju6dv4kam9zrvmunnyu3yvca8vqd0k5esxx6k,1
stars1gz42gykppkt5se07mejl98mst3hgr9l0uu73rd,1
stars1cqudvt5rz8h9deztk928fsc8jqt49qtvfalfaq,1
stars188fdjwfahk2tlcrwgtch56yxse03gmkgna7j69,1
stars1z7j0ftauwfpngvaz7rqwv4rmj639mqh5cdpsuh,1
stars1k0yrc6pxkzjg2jgz4vykqcr6eg26zv7u83r2m3,1
stars1nkn5wcgfzpc3ue4qg5t8wcu88cn4dyue25xymy,1
stars185p6x2xvclccwr9jvc9qgtysjlfhl7877cj4m6,1
stars1puxgqdswyua6g2ugvwqxemcgc3c0r7kx77rtzy,1
stars1363qshvag9z8mwr39xphmurcc89yx4rchk2fh6,1
stars1mu26eqsel6ft7zf4ce596nwcmp5umegjzx9u8g,1
stars1nkvwft2htvgy68jrvhhte05x9jfpd49sdwt63m,1
stars1zs3c9g4cwdul0nxumaye5vesznta86chkc3967,1
stars1flk3773lkrmaf9jlmrvgg4q26tv5z6ftt2hpk2,1
stars1tkg6z0syh4lx998lzhmcv4h520mfsejejsm5eu,1
stars1lgu66ly24wz0x95hkhuzny754hfm9pkuy8nttm,1
stars1qlfph4sldnkd7glt2wnyd44muy29kxp8tq8vy8,1
stars17hcxaezc4h089a753hzp639d2p8eww9rmsyl94,1
stars130wethjpvha2tges8nx7rxxzpy8d6753rxe2wc,1
stars1y9mypaa2tyxga34f9dn3qdhng63wxstxmsuk87,1
stars1tmm9nfl3ycv70fzxglzgm3vt0yfjmes8pwnjz6,1
stars1d638gncyvhsx9zqg8y9hsaz8tge8vune5lvtsv,1
stars16xdkgxvgwknwkpq28wh57l2s550nqfatetnrvx,1
stars1k2zz9hsyj8gpw5jk85ulev2z5gphsp9uspmrgd,1
stars1ckaa3hk85hepkksdxlgg5name9mnsrrcd6r9yc,1
stars1mw06a9076jyaazpnrv8rndmpqlvm7rruzntyfq,1
stars14789q7y57jm95gpzsumf33t85lsgtflaf9ffcw,1
stars15adhmnz4003n30g8crhy6nwgtgdqgnunxm9euw,1
stars1y099aycmsx7fr3f5yu0ndkrctatn6dx968yt32,1
stars1fv95ztjj4mhrh7kel4fsw22jf7qce9hsr9f67r,1
stars1jkkp63rhy6suvmg2dwz3e8uqnvldcnydvj8p30,1
stars14c7c6vkwfnvufh5ks5r9gcg8rf8rzqxs0qa8f4,1
stars1hchpqnczqy4enuyjqjvhksrhk2nvtlrd4lvjup,1
stars14ayxu2dxknkpnvufukhu7yrdw58gh0x7wutana,1
stars1ah0ed0sxrftj02m8jc2srxuhnfh8a4085pw7wz,1
stars19ms9rgvu38vr7zenw7npyynfvzv0mdwv7st6va,1
stars142cvfqqkew57awj8xh47agz98qsz987e5unuws,1
stars1f3mgq3efk84jxy8m7knula7qm3zh4l2hxwdpnn,1
stars1grl0qy0uarjtlyypgux0efvuyd6av0sm9kagwq,1
stars14q4c6kgg7xegcc88naqt6f8fz2skuzczhtg87f,1
stars1lvww36m4e8k2sq5ss4vsa5c0msjh8wm7f5zyhw,1
stars1j2q6x22gep0ed8rqs3vpft6wfhuc3ql47yffs2,1
stars132c0akp2awlyygafwp4v3axaen6hw8hhfqc0wd,1
stars1uv8udvgfkf0se6s5qtpnvdef8na222lyf8x6e0,1
stars1xtuf5hwc6vdaj2y2yese3r5ke87j52dzs6j29d,1
stars1lnxysgtfvva69ch53exrl6kwhh9u4908qs4g95,1
stars1q94gz86lx6t2nuevglrxf8q2t0uu5tf4fkzzun,1
stars1t2lvvmcd8md0umev6ntpd7vg866nd7fmg4xhcg,1
stars1ulnr3njmfpa4ygq8cwwqu4cjuhv6633n2rmt04,1
stars1fgqf6a04vryth6sddymdxtsph6pdp8yzltwrl3,1
stars1tjzeta58unmwgguqqd9fr9vshv6tef2hkz6p3z,1
stars17h9ylpu8dtunv3zpdn4vxnpwkw0h5wapn0p29f,1
stars1weertjjtp49zqdzxst0jsc75p4wlqqj8mrpak6,1
stars1algjxvnhf9rk8hxmjjc29saae848adhl32pnad,1
stars1yku4qlw2ca55kk2sthxlqkgw73ml84l3qw2zt4,1
stars1jzwnzln6ccr7zk99ruxap4y45p4r58mct2te2r,1
stars1ej5r07l56wh230uqdqx2mlxyr7p59wcyl347dv,1
stars1hnzf8c05m55zye3vs72yvw6gexcf7uurtt2he2,1
stars1f9tepvmlavrpwcf7xry0ghf0x9z4xznhge8k7g,1
stars1lwsv8vaxpsxqx6g3dew5ma6hwdr4t6nhuu4pzw,1
stars1f7r6sja4x5hjvp6a7g9lypd94x2nvf9fnpjzfp,1
stars1whejvdne3cj6p5pnap8cnvgnlxdyd4dx6q4qrr,1
stars17070wwjhlurczgm9658k7p9a8ds08shjh2d2hf,1
stars13adl4djdwkpcagpsrrmxdlk98xvn07kc93rh49,1
stars1q0tfewa60enuu8utyjs9w7um58njhd7fpjvryq,1
stars1qwjfnu0hh44zprt685g5vdmv2rqv04m3mvfpue,1
stars16mwjav7zmvqp592uylxun8p0gqfwd597vhsmev,1
stars1w0zhvhcld2akmr5wjpne95zjzedxeylmx4kr5z,1
stars1pe8hvlgd5ae3k9r99k569egc8rwujnj8x5fq72,1
stars1gm94ttz73pdupdyq24qqgx5kf6khes65hykr3l,1
stars1wpr36f9d0g8dulkepel423jdm896geksyyrkju,1
stars1u5ymz44e776v2uas3ewvsnc7tkq66fu6m4q7ts,1
stars1esj0k8a7l28v7vwjsfletfhf3htcx27u99vq2x,1
stars14hern4vern86lq5cz4ngrdl4dmsqufs4aflexp,1
stars1spka087gv03vw3kfavlhd2kh4ur5hak0u2f98k,1
stars1dhyeww6jsssxl8w7sgc38eg5pcnk0gwklq96hl,1
stars1fy9ea6ujjsjaars7s6ph0l5z53ln80vgrf2jf5,1
stars17ueasm60w4clv4lfq6yt4gkkged5rgdx94zpqp,1
stars1sykqj0wmqt3z5k5smc952yxhtladllhlp6ntwl,1
stars1vm5xl704wrh534u43ah9ar3ctr2kudgaz8mgfp,1
stars1ek4as5w4tnqas2qqwfvp0fx2qe9tnj4j0dtnea,1
stars1ernjwclnurt8r7fz5ef96h89a3q9jmse7ay37x,1
stars1dtkzsuau2el5schvsxpjvsvnry7exntrxqluzg,1
stars1e0x2l7pztmz42jc3fxyq4r0qjvqep27af7yeah,1
stars1m53cs50lccdjc2cfxjgemu2pnxk9f3m84edvwt,1
stars12fnu32xywllvmvsflmmkx9lnttkf72czgjmkrl,1
stars1klj589epxc3rx8j3vcg2k807jurhc0p8p2zuxd,1
stars1easmle9uweupe525avpzjulumcyf52y6maqysh,1
stars193v4c78xx88mcxj3dlw4ns8tkpra7p3km2jg0l,1
stars1rn29rjawmugdp6azph49a8g5awf5kv3d3dpvvv,1
stars16pw6fzuxe4edfs97yeswjs5ukvw5y6fsrzj445,1
stars1d6cxhwr6g5ysqu3uj9cvkh7d9sqh43q6y43q3u,1
stars1zsp79xqjsa3x8ufe0h0xhxn9w288r96mqryfnt,1
stars1kuhc62kdstzrjs83868m2h7gv67yplwm38xpkx,1
stars18kg2denfqp5hthxestag4sagjem2reak8kpc2n,1
stars17qf82c3xhuf2gxwam7fp48x657fcyt9arzvyf6,1
stars1u9g9aewqqhquxmqlnk7w9ffjvzxrm25rkn9m7p,1
stars16q2pgfxmesepqe2akyz4jqepludptknqkcck0n,1
stars1s8g7dgcp8p58mmam5ql2l0xws54244g34g6ga7,1
stars1k79t3f6rlmx4pa6tel7rux64826cns7ug5cffl,1
stars1wxftsh6af8hs97ep6wmm8cvfvk2hvwhmzyj92z,1
stars1uy3443enrvs2w2q5ghxj8u9f2f5dzlmgm3hw6y,1
stars1smknl4uf89ef84kg020ff7ask7l0sxz3pyfrg8,1
stars1nea4vt2hg97339eue5yzesxgmtw57hqhj9am4c,1
stars1c9kh306pjhaau6qugvt6w3eeg9w2ckqf8d7g9k,1
stars1q9aj3r93j7c8y2fjc2f8wejq4h3uvj85jpy76c,1
stars1cffcxy2jhvm53nutzttjysk8kh0cwtmtd409x0,1
stars1rh4ule0z2uzzwhc0yywytwq2chsdq0pdf226ef,1
stars177j0hge96nxz662nj4gw5l7r7jpy22dxrmqpyl,1
stars17z6r7z0hjytrcxqeutefzgdrax80lkd5n7k3m4,1
stars15p7ddld60mf8vtnj2ksxkm6sfny3rk80frt289,1
stars1z6tc4eaal6zymqnuf6y547n5fcs7pv277jzaln,1
stars1mu0tv647u8cenaf9mftyyklkn43cx4pyhuqtfu,1
stars19rgz75zd7zclkdenegwex4j92g4a8ntchyvd0j,1
stars1s9t9jkqvwcwh66c4nya5vxnsntew3wrcfr6c37,1
stars17uf0s6xs4qp6zfghnat2mqq7phrkmzg22rpur0,1
stars1fj8d32l98legw3l23ag5gl6ulc64akfrkwyuhc,1
stars1mddxa63gl83d8vzkpl3kwtta790r0na6aguuvn,1
stars1ftk4p9a2yg0hxja9mrlahrlrzeatd9jwhx6zym,1
stars1h2m9ezyy2cqr0p0n9ml8kdypcfmcssh8hatm6m,1
stars1smg82dfsvp0zpp59nk5upu7uj7x0h2p9kg2qje,1
stars19c35xek87323wxs2nefdn0g9ezskfu0w5u6v84,1
stars1rfrfnkjc3t9zh9hn96p327cjyytk48fcrpmvdu,1
stars1usfjhua4r94xw264njp3hf3qd7c7807p02cnw8,1
stars18xst44etz4z82ensuxxfvns75ectzctxmjxv2x,1
stars1tlwqprz25j0du3z44xsy3m7yzq63z0qhwhxddj,1
stars1zhpskvpe6pc6qycdw9aypygzd0yg6fc53frytl,1
stars1djwakl4xuvzug6e2vdzkzes47705f9t0z9aqv3,1
stars197fc94tsd9pnrqv8esgl6srygzggdzywr8fe2a,1
stars1cuxhyyxl49e3kkadp6wu8sfdal6mxemsm6hjcm,1
stars1chfuczaswmwuvwctrercc3gxd9m3ze9sgyvhjk,1
stars14xcyvwlyyxjkvstfuarxvjhvszguwl9ynu7hsl,1
stars1z9r97htdqtgnulcuxenxfdt6hhv7twj67t2fvv,1
stars13h445k7vl43zlq4uchtewfhv3uk72hwkdev0dd,1
stars15e4d2p0f2r4ysdv70pleaf8lcft4x8vjp8zfpv,1
stars1m4e9cvkycmmwac6c5smacfgv5f6ywrpryq2vhh,1
stars1f3kdqu4zyqphd40w6ccgpd9y338prk6qulj5sn,1
stars1ak2d0zuy23zysnten9k54fxxw0m5hfmm4xrnjk,1
stars10t7a00vmmgcxv260vmn2puldvque7mf8pn5m63,1
stars1l2ycczrvxj4zv9wrhjjqfdpkat93du8q54xdg8,1
stars1vtf2gyeygq7m2y0zmrcm96stetmz30plvx6ajs,1
stars1z6k6cpdcthpgfk2px4lflu8ml0jkkpr4vg2cr3,1
stars15xzvlnsw3w30f60s5vce7np4pzxhpvx3m9tfrd,1
stars1kxexcfqxn9ff8kqhzh7857tdpsmw0ajhnfwnl6,1
stars19uhj7kknqrzn763zwtmumpy20n08pezmtrd2xw,1
stars1e9hfswd0ec8g4muxdska3sml59c7pv5pda93ye,1
stars1qm8ttsqm99uucnjqg7h2qzlrl6rxcay796kkhr,1
stars18rrz3q9h4ggpwamsdqzwzyl8cqwrn9seg9pkjc,1
stars1l9afs5q3u4rmm6pwvz5t5nkrppupqw9kkfayqv,1
stars10fcj8q4y8hx4d252rlce0c9xzyemzchrs9dnpr,1
stars1l72ayh6xpge306s6jwr6l5dflrj35kfkq3ddys,1
stars1t96ly85fpejmmglw0q0lrvlg34g9nyhc0zspx4,1
stars1h4f9ee38mgwr4zm6re9w2up3esw6h30cyd28kz,1
stars10u24rwqfxl48rshaasextp5a25gejuzaspy7e7,1
stars1efsj9hrsuhcu6lmamm544n7syfn58kd6m24ztk,1
stars1ralltvn72rclqtd7szv7h8kckrw2s65t34lnzx,1
stars1mlcx53euyamdlf7whdf9fwf4reqrhl58jerr9d,1
stars1s7j5mgx94p53ryrz8f3wg6psk9zzrtdglmq8rz,1
stars197uuwcn0tmcht5tsnv7wh686gknaf8ctrrve2f,1
stars1dmcjakcx3eladmpftu60jdptq2fhp06n5nthr6,1
stars1sl276la7kjp7mh6wnw64v3zenm9l0cjn03nskp,1
stars1e09gqxzfegmtrjug3epna589umuylzvhcwywzy,1
stars13cxytra5kdvx2qdxcqjyllkmngtq5ujtyck907,1
stars1tnyrxmdk6jtw8vqsq74z8t8y562mgcf79fzhvy,1
stars1uk77p6he26undp9wjjav6ygtu53kswl67e4lg8,1
stars1k0c5stczwerh7c66tyyvhpksyfvdngrpyj9r74,1
stars1w9drhea9glzkzkefwj90s67gps92kckdpz39ja,1
stars1sr9l4ease3mnzl43ex3meunw7kesrdrr955n73,1
stars19lhtm9yrpkmnwfufl3tm30tdrchr7w3k9p6ala,1
stars1tr9kzjxydzvm8lzy7z3rvsac62c5zz3mac5k6r,1
stars1a7svjw3mn0zlgv308k0en4qmujj00z4l625j0z,1
stars1zw8f2j0asw2x7d86wegvews959r6fgepkqynkx,1
stars1z58r43cqfvyls75kacvckxk7r9namday0pjdvy,1
stars17dh84gsguumet2apg3p3vp3slmzm9qd06ff5vy,1
stars1x24e6ust4dsdtewuh4vcxrqddgjfahz3dmcmx0,1
stars1gmc7d4me79d6sg660x8cdmkx3h4xyvxkxtjeq9,1
stars164k8puh25lm0edzq7cfjqm3426xfv8hmsznpwc,1
stars12k59qux6tqw8apc8qjj98rz7yw629feezy9ppv,1
stars1kd6u82y28aegc4srwhqxk4htwgc8xhuflwxgez,1
stars19dw7kmz92whcmxj5mu2kur4nlskuua9v5pwnek,1
stars1a0wsxdwu8japf4cqgg98kzufu4zv6ckjcj9w0m,1
stars1k7359wavm28nreezu4pqhatayj7hdvju5xrerh,1
stars19yssr677uxtauv8hpfg4t4ystqx4dj9xsqvpfl,1
stars1tfwz90c8zfc0v7ulpe3g3wc2qukr4s95cgng3z,1
stars1k9ng85nlhlc94865c3c0znygr7h3kre56tth8g,1
stars1tade4dl30s85u4sdh8yu6aaw98vmpvkh5nwyuk,1
stars1mtjm4gy9h9h4celvkc7havmqxzcghg4g6zta0g,1
stars1qykpgnx9w9ezw45qqee3tywzzzn2zzly3vgath,1
stars12lp5p3cflt55c3q27slk6ch5kfrqqnhmrurxsr,1
stars1pehvghr7mzgmlm96yasv08n42plp0h3wvqp8el,1
stars13v8fepw6xqz3vmxvlrql70yjdl4plclmmdxphm,1
stars12ud8cnw2z2cqmd4akltlqk75way8v3t2l79djr,1
stars1jvevhswstt29hje473g2c2r2vg380qxqhumcs7,1
stars1c36py3de66vmdx6ss98rxwzzpw43m3f8fz89uy,1
stars1le6tczfhv9cl5r3d5h23hthudwr636yagc70tu,1
stars1s6pjh0xhx6g4rjj0242lnuqw5uyxm06c6xt97z,1
stars1fzmmnc3zss97528nwl77ryp0l9h083tnk42a69,1
stars1t4d2wzq57xmkm5kg44megpu3v4wcwvs88mzt2y,1
stars1mcazr8y25z7gxycyl6ten6f0e498zaft9rh6kz,1
stars1zvh3sxfwe03h9q3jgdhfksj5zhv5nu4vf6efjh,1
stars18f3cedn4s6rxgzw56hdmzg9casel45jyv2e3ng,1
stars1584e0tjs8ersc0nlupuwp3z7mte48tupfg8p2f,1
stars1e5pz5fzqq6pl6qchzvdsx9rk562wnsucu9x6h5,1
stars185eyku8zusq4mukcl4724yuv9stcu2leywexw2,1
stars1al8qrmjmsnhxxtl59eljjcy775ppr23e4sd4r5,1
stars1vn6ppzqa6p2dak4h2q2889t9py8prqp0f3zucj,1
stars16hhzpk0tlwm4u67x9nh2rg2gf5y6224368g8fp,1
stars1xk9dsqx5wz44c58e2m5qes2xdgvsc5xg63pdh3,1
stars1rl7hfv03atd940ajvg2v0rccvj98af8lhkhrcd,1
stars1cyckh9490mjxsp8k4ufvn8442aech2qhu45vfq,1
stars1fnp5wdq4l9ed287698xcykwlj0g0dmcuwqlmuf,1
stars1259uv8j0h8lv6ldkprmy3dz87qvt6m2ksnk3k9,1
stars1wtt690w8zryfljyncd4rpdavlajrmdxw753efu,1
stars1csulw8q6l3xvguemzsp9pc6pt532kn6zkqsy2p,1
stars1npmy7genan8dkxkwlqmgsm6que2j2x357xhk93,1
stars12el7fvm4nehzvh8njeces3tht7nxp2mhycpdhj,1
stars1jqawgetyd9wu7zazjmg5ztxvwsahmtksnwe039,1
stars1lmk4s59y29xf9fcca6ld72kmfuxanxp7cszdnv,1
stars1j4u92vv09t8tk320r6ckemsakmpcqaputk0xpq,1
stars1g4rsavzu9av3qqztkm5qtmsjksfj77p25m8wfy,1
stars13rcdlcz7j4sw4vmk69k4u9slu9zxzkjsv5ks4c,1
stars1pd0px3mg76qgp7rxe6pua90z0ucsd7zlt63jgj,1
stars18t97ph2esca72wmrgnhmljk4zux60waxzd6ycq,1
stars187wyujyn29m3v3myr8cdvyhzp29dsgep3c6xtk,1
stars1arzhyf0csg0nh6mccgypwxrht5xasjgrql89u0,1
stars1mm4wg4fuej3sekvpq52s8vzc4ltwjnugrpcn7u,1
stars1jftq2a6kc05ekn34ta62m7zc452z5x4w0zg64t,1
stars17c0u77yaqjtgkz2gn26gf3n6p3mdmynezq7kh6,1
stars13mnvf8ds3xjx5nxjzclkex3pnz5nke2glmyeel,1
stars1zujajq060cdfygqjylu0ek5vyys7u5nzj0vnqq,1
stars1nr9nptnsstl0skj5h8fnd4zdc6ya0jd7y35tmx,1
stars1805yrkfuhhhg52qq7euuvsw8gx56dcctjvn5h7,1
stars1qyfhmkmphr9vsfjgrgvch65vklec3k5ycv7g7l,1
stars10lzwz0t073knmvmvk3tye8zem3u2fft8lj96lf,1
stars1s9jd0hmzmy86t5gwcj535ee809c5uqp0ry752p,1
stars1u297p9s76zldgfmm9usqkenpltapacmy0tmws6,1
stars1f49hzkduth4c28nvvpvfp5r40lf3mrem6mugw0,1
stars18v40lxl4hs65p0h4nwe9f4a4z2swuuuphfq08t,1
stars1xc6n9ds499nz3mxtssxewsjazqvpeutjez07de,1
stars1zdfj3a60u7kpky5un95trwlfrq0rl4mnzht33h,1
stars1mv92l7mm46r8kf38cuzqrax659d2xtwct5t0qn,1
stars1zw3xlh7v5fj6nr6mnsjuu2z3hv6wjqskj0k5t4,1
stars1wkg2l5mkuxn7sxewr95ns6qvyvwmyzxk98vlwq,1
stars1f6qwr0tphcj4ar3zq2sxuhwsflkvtya9g5zu4h,1
stars15hj6exqg64tjeucmgvhshdjjcuja8skyrkxwef,1
stars199ljhagf55twqa2weywrqacj0wsaax9er7ehpg,1
stars179y69yj293rwj620e9gytsjlcr0ycgvytsrfka,1
stars13l07z4d362289yhpjdxdz9uzz8sqcyjde8vuvy,1
stars1kpuxhz0rhmqkfx72htd6x22nxen4ga68fdd5xx,1
stars16ekqgvtffakjelmkdw62qcxllkzpcu4ehys0z8,1
stars1nt9hrzvqwhl3h0qnq5mhra65tln07tk02wyaj3,1
stars1vzmqdtyuu0ht779804f3k98p55g2ssfufzy675,1
stars17mtavsgaddgtr36pmfg589qgu4r7tezfldxpvn,1
stars1s8wy5p977yljnz62gzsn6u4yz57pan24fmlmyl,1
stars1ykeqverjpdr587kluq0c7jtw5d3x77hmvhq4kf,1
stars1vpucujad8dvegpxv2dlwnfmesy35jh7l2w9alt,1
stars1tlk9d3w3tkpustelgzlej7yaya3csjc098zpgl,1
stars1jjgaptenupkvczlxzryjgsnp5t0aktpxnzaw28,1
stars1z39n3vrfzr9xyc2tl7hxuwzw0vzlg5d9hdqf8d,1
stars1hku823j7x9sn8cwtq7nzf0m9pp2eqk5t8hvjg8,1
stars105zsyd7xduxe098pz9jxpz9ta49dl7fpjacsvu,1
stars1es4qps3rfeana39vtjxq4kcg0hwf8ezgk6g59a,1
stars1r4a7427fdnp2cxwv4cjnygaajcgs7f69gakwpr,1
stars1xhkqnlfdyvqlazufd0cnyf87plcfpn6c4e9t95,1
stars10k3ej58ksatnn7qa25ehqhadx39evecxyxku39,1
stars16vh6tnpa48nd5stqs9y42vsqs5609kpfux582v,1
stars10x89kgh47t3rduvq4zf48dj6fq3e8ms4fjssen,1
stars1h7pfjh96h6g0wc97ag0cg6s8qukm8ruxchm4ul,1
stars1metg3ccu0kvjlul5ckc99va5nuvckdyjvl76gg,1
stars1aa668yhdl7egk05vywn0f99yw3gmfum059ce5v,1
stars12a6tg3mdx9rrxu23ljf4jgxrl6c0nuahjfafd9,1
stars1nuq0ldcrqj5k7kjjlspekzld8gaeek0ft62r73,1
stars16ejvl0af6np942zmxv0xrfd5xrf9s3mpwfk680,1
stars17y3xvuuf9ka53a0r972tgzt4xxqeufcuy9rlcd,1
stars1urtkpz2adymkvm9dw3yg6sw8lmucjnxtvm75jj,1
stars18cr64r0w9yqf4v2v9h8g2h4qdgpavaetkhymkc,1
stars14x9d2f2uhnpfuury63zknsnyx5sv6cjv9cuwea,1
stars1twwucj7h3kafyyqhd7gfrhr3c6kyp8v3ce9swg,1
stars1s329p0ffqna54eugpf2ct2caznvk2t4wnhzrws,1
stars1ll84zkqc7ctwh738mlm52uducyxk3u69j8ju2e,1
stars12rvue0e628qn2ukq0k95wdhhmahql0jem945z2,1
stars1cvcgcvgylrvget5cw9v7q8ghv0fxvyws4vkfcj,1
stars1djnpmaw2vjeus358z3gum6j2kugqsnzkvf5da4,1
stars18pf09c2smpjlzjy5pphkfsjq6hz4cw0kvhfgnc,1
stars1dm5k4zlppykflrjcxydp2hrvpzzkc7q0jathrc,1
stars1j24sczdrtcgg8ufuk5lctm94aan2yvxr240w9z,1
stars1d997nmgecpx0hggvtnwycdt776y6gcjy8s0vrz,1
stars19j660y92dzgwnrq7jzswy0k7nt937n0f2623al,1
stars1chepc62mh9ukspw5tatwhza4zrufatcwmvhmpe,1
stars1h5p3a79u3pqzxfvuugs75kqpcmc8jagkfl34k8,1
stars1ref3jlptwyhdf40phfxhff4sqs2v9kj6prcjpu,1
stars1xm2et7xtpl08uxqt95ezdfnzrg4drwxrgj6rpv,1
stars1djgcdzrtprv30pljmg7nfee7pk9sy9m6xjwf08,1
stars1dtzvwywfcqeqhhycnnyxa9vycux46zsa25pa90,1
stars1nzgjs8862s23lg2ga63x7x7gy09djluh25tukv,1
stars1taqdzsm4kt6h2chkdt6a8yp9v826w3rqxvynzj,1
stars1rht4rfw56y6megktxznplltm0lx354yvyys0pe,1
stars1l9cemfh5cw0vgz2rvmym77v2key7x3an8gz2gy,1
stars1j33t8hkktdxfx7qk8mqhh0gxjdtmm9ngfsjumh,1
stars1xgcp7t9hg8h69rlcxjnfwqvvp56md55ed42l6z,1
stars1ezx3jmeghscfcufe077r8kr4flr46sqt0hk99g,1
stars1eeucmrkz6nrvrfwzk7mjz23cwqrzx06rpzla0g,1
stars1pn9q8dqmgw2uf4d5ujy4hlzg43umz4rhpf3dd5,1
stars10dxpwgu9l3pf8ar77ns8qqstdn8k9hw3mnvwdk,1
stars1c4xt2js95ln254px46f3xqc884rntkmjqd4shv,1
stars1xc4ter7gj3t97780wp8a23ncnv74mhald5927x,1
stars16qcpz95fwdvzpgxen2tngmn2t6ss8vdcd8ngta,1
stars1z5xjwqtenxnlh7r67yj9e8akqx04aryjl7j5k6,1
stars1xkmvztqd6frs655xjzl02lyt4ntd00a4d3hegz,1
stars1lxej0xk8tugwpwm677j0qwwv3chutmc43xpr5w,1
stars15ugjhr9x4aava8ytw2g2efdazg8u8l5u4rqks3,1
stars12jrc38pc09frc4v7fqdsrmwp6rlfmxxaswnqpsf24m6p7q3u6n6qua5yju,1
stars15hk0www72xsjpdtwtgtn657yywr5w045vx0q82,1
stars1hspkfnzexvn4drk9dlfpg8n0ppw8sxsl7wn3s8,1
stars1rkejf8f8032x6azcuqx2pahkmupqk5wsex69g7,1
stars1uq6r0wajgf82pakvvff226jf6a474mr47ywnu9,1
stars1uqzyn78rvwdcnryrftl4kpwh4net0y7u9w03cz,1
stars1tt82dakm3390gljezswcwr6g5c8dvuxxmjgxg4,1
stars15v3zc7f6qjsyh8j2v8f5028eg63w7eg5xrt9k9,1
stars1kwuezp0mq2aeytj0h3wccl43sasl6m5sqh3t2c,1
stars1ryu0507zcwksygs4fw0pzc67zvl899hszeu80j,1
stars1jysjpffuljakct23gr947ejhxxrljd8826xafu,1
stars1qwjzpda94a5ewa5r5ky6p8reffzu5dmud6eys8,1
stars17yajvvxn08fpjmzkhwm3umnpyaww0vn526dgmr,1
stars1uc9vgwdtlqrf5drw0p7nwnewem9svwenesv3qz,1
stars12qk584gt2np2a5s3en20k6saeupmm5caurn4h8,1
stars1d78l8w9wjgtuxamer6yr0nqwd2gzcxpcthfprq,1
stars1hddp53cpt3sxlv8dykqlgrnfhn8feczsgptrxm,1
stars1z7v997y4wmjf07fk8mw3wryzwnk7xta4zssnp6,1
stars1kn28j7t6vjgty2r05f8dqcdsalz2dw8xpmla9x,1
stars1pwexn4tjqtkx43pswt4hjm2x0fk9pe2c4uacj7,1
stars1wux822226f3cjykpl3utxsruukulcshphreaww,1
stars1rsdk7s04kyjtrqkhmxnhqauyxnzyact8kyd5x3,1
stars1v88hkxg02aqqxm6td8au05qz6ye4tvgqu2tkn5,1
stars13u0swjkxspchjzrftaa5v60rcagj35lqdegjlh,1
stars1xlw3lhfu6jgz7xhpurllsuy46tslhcjpslcctv,1
stars15ruafuluvj9zkaev3wfz5vx7tpa6w899fm8jsc,1
stars1fh3qvldydcwxtcevpm45ktzwm6ar2dgphpdpd2,1
stars1f5t948mzm0nhyf54y0v7mdgesa3pru63lnkq3y,1
stars1f8p7wrsenwe6xug3ue5nsk466dvdf0pld5prqj,1
stars1fmx87v522l3nsxkf00657e4npujqeg2yeyhzlg,1
stars13vjfqfsxvjmnpwgzqq9297m4d3whf935p6ervm,1
stars1gy2ne7m62uer4h5s4e7xlfq7aeem5zpwhmthp6,1
stars13x3fv9h98r0um269kepux7g875rs8fwkk37x46,1
stars1egtnurppfnh7exvzpwu3nrfyw57lmf4dk7la4q,1
stars1xzadnnz66q7pq424sstgdnlx95z894v57dqc9x,1
stars1ha39s5ys3ln0euayxlvasaeuewxlchj67tcv02,1
stars1yhs2k5fnmvxm633d8w0anl9d88lavvfjfl2kyz,1
stars1xg5f7ny3u7cu44358anu3pxy8zl5w0x5nyvy6h,1
stars14tdg37jf4x0vkdwjszs5npd0gxndew5m4d9wph,1
stars12fjv4krxcea5zukmrddgzcu63yhx9hgpj42zse,1
stars1ukzzjvp226dx8fna6y4r5xx8aexk30vhchf0fk,1
stars13n8xsx77yvg80ch8tr63k2uz65z4v32dtxehhs,1
stars162uqd7ftahyq7qmpp0mzluvsrym9tumq8hm44x,1
stars1mu230plx3e4z6cupcwaujrz5smj7u39al53qey,1
stars1jt60zstfww6520jhzhzknw8k940jeffh6fxty2,1
stars1wy0nua98gf37zjf0xj9fyczvmygpdn35euusvh,1
stars16prc6hpuyw98hjd2sxtu75rn5362t9t7y755r8,1
stars17gq57ef88jdhf529uel4zxrd0z30nae2d4e2nu,1
stars16xkcwuq32zn74mgd55s7lqcv9nwyfwj494vr9e,1
stars1ayqnxutel7cm6tcxfr2c4gjfek45m68hrqvue4,1
stars17qg3pf85kj56z8lye25kpwvjx6cgftq0ynswrf,1
stars1e4u8rl9k4rv2t2ynhlt2vh30vpuxmalfpn2ah2,1
stars1z3hhg3ngrl6ld7g5gcr8q3na8lpe5ly8j9lzk7,1
stars1hxhkz9yyv7jfcqgve3j64gvsfzz540kzx5jqqg,1
stars1u02t6kqvzeszmykjaa5kv23gq0q98kyuh23lq0,1
stars1h7377cxcgfxvms7d8larlty8uuffnln3mp0wre,1
stars1tkgyd0c0pjdxcu6f7z4h8g65whvdcsqhlhwguj,1
stars1l586p3lje48mv7dedzrwwne255de2dsy3k8k0p,1
stars14lqxfznvxp272sm9pm7v259palh4wg95xzrued,1
stars1gucwknjx7j7jfjvg6e84k5sn7jp90r5fswf0up,1
stars1a3k3k85q3mep8nemv7f2w8g9tmd9cys3jl2a9g,1
stars1xpsn443csyvgj235k3glj5p2pe2l2kgdcur8nl,1
stars1lc9r0x0my0h45wxuycedtu5lqkl0s84xkp27zg,1
stars1u4g5vc0lhdatsa7ntkrhmp8gdeglt53lwhz39x,1
stars14sm8ydq74sllc2kme6j5qf3nkml8qr78k037pt,1
stars1q65fj0watne60mp36mfhvf4gk0vfdet8c7vxzl,1
stars1xpq5a7s3y7am5s4v9f2qm8tmtngupke5a8df8p,1
stars1f5xwd8fm6jpwem33tkezzrpm7sjf3z02q8w595,1
stars1qnhz57rmvwtdhk9nqvh05r0fr3qh6q4jsfwf8y,1
stars15srm9ywk9clj9rr467p88vhx95mnj8fhwa2aah,1
stars10g0tdura3y6g76mu26exp3wmf79djgzlv6ldvu,1
stars12hdfx3043a482eu20l2at9pxxn9hrlzkmsgytf,1
stars1tgy9gpcvw9cjemzv02v93assphwe2gg3s05t9n,1
stars15wc3nh3m676crk6g37mvuxkpvhvm8vyfdwa536,1
stars1y7zfelflwnm9aaldd9xp5x4p8azn8vddj7eraz,1
stars1f787nxr4pn50fqw945tfzgw0yzuexdmt30ca6p,1
stars1cmrwt95amdkc63xj6f73m6x6clvlkh8t2lu7tl,1
stars1cvnpedu0dy0zm06v32qjflt8nlm4q4x35sm8g9,1
stars1v72k4jfn2kd098gkgle4e36cetelcya7gv0l3z,1
stars1nfu0z6hhn7jlptcmgnwmvlea8ne6zuqv06nd5v,1
stars1y2rfrgh374gd40gj0yusjasw2paaysahdycasg,1
stars10ulx4m2s2c6ddpdwpd2676frjfq9hcplmzd7xl,1
stars1ujpy00yucpjgs5cxwfr336uerxsq3hlsfn6eq0,1
stars14eljdwf9nwr7eke55x5esnua238786vv6nyqkh,1
stars1p64d8tal0tc02csp0h9cflxr0lfcaxqxspnntx,1
stars12rn5d26p6c8d6vg8r36p6fyk6dfreyj3aq49hr,1
stars1l97244xswqpq3hw34443m89s2lqhaj6yh2qva9,1
stars1hm0pgeklgyp6qwfz6fxg2c7f33mfu4rd03m7m3,1
stars17rc2k3mg47gkpwmamqgmwa7z69xzq2v3afmmkr,1
stars1rjycy86atmgaywvq36lz78g4cn5pha3xpwzauh,1
stars1y8tg6rkzgwav0ef99rwa487y07vut8vt8fuh6d,1
stars182mvfd3m8fr4u74j3skvwnd3mrz56lalv3h2fz,1
stars1rdn96w3ykwr6s49nh5zxhjxlv2jcyh0zwcujnx,1
stars1kwta0udgr7ds87zmq3w42l966mxmcxnlug2536,1
stars1d7w9z4mnpqa6exz6p4eunsjqvwjq8w59txxwkk,1
stars1j39jydhaqpfgwz3ymvqarutjkghu0cut2dzrlz,1
stars127e3eatrel4wrlgkg2kf4znggedv7qn5pvqd3w,1
stars15efnkpaaw0e8zaq0wh6rgxxlpyc2x09s0ma74y,1
stars15kwzedh9tc7mtya9d0v87xxpfn5pklaflw9d3h,1
stars1lupmy3rnr9ul5tgtke6x3wc4aft8amlmxkr287,1
stars1xrtkns96697asy3ml8t5wf3jf8h7f52uf70xeu,1
stars1y3gjlu3rskpqghcrmt9l3uf2ytjzwah4naj5tv,1
stars1wsp0x6g3sm6vf496flgejnk90j5pawg2ag6pwj,1
stars1wxqw5dv064jkuca5c6rfp2ukcw3daw5jxgfqus,1
stars1lqrna6lf35h82dp295d97gwz33qsr2d9sznj7s,1
stars149dd9ynts3tda9fdu08y8u6q3wx88apgz75x29,1
stars1x6lku838dmerjaslypgm2ykfs66ec7da72pxgk,1
stars14284ehke0fldhcam23pq2zgfxdru9gyv5u7t3a,1
stars1mnwmsgkh3rvnda27s2r09xt3e0mppp0qa32w6n,1
stars1343plscwt4r4x5f9kpmm0r9ev3ulj20v250797,1
stars1epacf7npjjxcepsgqmrs5v3l4qam4fzazdqj0g,1
stars1lz3p8fud0p3npftvseng5fuj9qsz46szgnt425,1
stars1c6gyfs5uypdq0myurrs33clshadct8aw53w9ev,1
stars1s73qlndkrvacymrsqy9sarfw4vekwv899rnwaf,1
stars1488kv08va80uyw3rqm03dxapmgak6mx4223w33,1
stars18g6g7d26ec0hc5v83s2ynurlyknd8f356wjw2d,1
stars1cwecw85ecn5zjppfsm59ddsa7gqa3pnfl9c7d0,1
stars1wct9zxhr85jlzeajfecfjq7ehfqz43tqpdsjgp,1
stars15xxpqupe593y08d86pdeyn0jw48xeu9n2d5wru,1
stars12wf3h2sujh6rdvhkduu7ey0ywl52m040peyyfx,1
stars1np2el6mz8epmlczf4muym05ze5u3wrvw7j7x80,1
stars1m8r8m76cqd333jrvg5wdc5vewlul6e2gvvq96w,1
stars1e0v5qu9hknmtpy3ha0ye9vh2pqvsdn8htuk74z,1
stars1csfu2m628tfe7v6suqvrvsr7ef36x8eek775x4,1
stars1rh77t8g7hlajsxdeke2uveypv6v35dpqtmhgky,1
stars1elnj9nz9eak4hwkt3ta5kff4zjrqe5dwu849eq,1
stars1j24k8uj70f5ryczjzz3r2rfnp9xttluy7z6zmf,1
stars1g8nex73fk7skj3sknzuv5tqlcujql4kt7x25at,1
stars1yugsyk8ps5rs0nc5477r32uvnwspvkeq27wkec,1
stars15mt7hk9x5lx3upq6r0uupp9ul8l8z5sp6yyzj8,1
stars1qrqtu2jdqartxa2nhjsx2gh5yl8nsquqy58n7x,1
stars1eh42upn8elpljys5ag436pm50qmc0pgsjjv07l,1
stars1fqx7felm86l56r38t3thzq3w83mdqqrmn376ag,1
stars1lmdhnrk52recec4hvn0eh66cptmue2xq9xzgcj,1
stars1ap9grs6tr0fjlw58xwfszxa3txdu5hcjjucv7t,1
stars1h83sgz2gye47c5wzf5053djljv2lnqvv5vufn5,1
stars136ac9ws0tplnw59dsdqqjycfr4puy7e6tmptke,1
stars1wc2ydzax2lkr5rxhjkz97a4c4ar02pxnxrnjjk,1
stars1u79rpc7t2r2lc6npgfaqgqz2xfds0r6kqpzelz,1
stars13wst3dq24fpaympcpzf0889wswt3wu7tqpffaa,1
stars1f44qd2yw4f007dqddltptaqyqly9qs05fmjhpj,1
stars1we98myzc095xla3tupqe4eervpz5cg5jumrnet,1
stars154d6fqzedwa94vt3p5ftygjsxwrkt5lukuln82,1
stars183tnvsuz68a4nheptc6fcgeqp6lxk982pkmx6q,1
stars14rpx23zaq3feeaj4m9nnu8j2p6zrqcxjp9mgvz,1
stars1gxf0ntnrny3tkdv3p9y4qstx4h55z5v6mupxaq,1
stars1k9u6yk9anlh2k2z2ulhjtqfqjhhez3xm8dt0xa,1
stars1jzxexptwg2ymfpf9nxu6ru0z30rw36mmlerc7r,1
stars1mr2ypj5lp78jv03hu6afrskyvhnvaz9sc6engh,1
stars164kl978srmd75yen6xhe6vkvarsrk6m2zz2e2d,1
stars14rstz7gchagv6hrgxvsfyvlx5jvytth2vp5vwa,1
stars1vppwkcupny46c928sdphar25y36vrvrsrlzv57,1
stars1prry8nyvzuaw0hcj4au3lyd7gkwr4cw08w3upj,1
stars1zja9xayj0jqyasva3t2tmsaf2y0shywmkz8khf,1
stars1mw3tywumud73mzhmly7sy6lvt4psr5s5yp7q4u,1
stars1qp009t9dccfh6mjsduy4v2hn7rygtau4qng9cv,1
stars1m5s0xt2y7dvrhjm0sal7dhmw6th2wjfa553wgw,1
stars1urzz6tsex62356numxn350zepu9eu8vu9z66wq,1
stars162n6pzukg987tywhf5q5h306txxu8v973d5e5n,1
stars1j9g4jh2xz5jacwymssphva7tqrjza83pv0pnh4,1
stars1sp4nsvn3s4tkmgu26hwzrg53kfpffmmpa2gjc0,1
stars1vesnu8lsgp9w3v8dcjhqdfqluxf2r7rv8fp5f0,1
stars1wpk2hm0yaktfyt85kc4ev7vpcqtq2w6ymkhdju,1
stars1cgekxjacxnnv0lc0ddk8cduprm4wzejdaxu58r,1
stars1up7fe0v2uzaft6d9k4lhxy5ryms0y55xntn767,1
stars17ajaexr5zmh8cxfstnu4mp8qqa2kmvhedak8s8,1
stars1ecd0cn475y3yqrreg5zk9p62k620dc35uy3g75,1
stars1nkvw7get0yzdywcmgl8rdnxusc26j7smyktddw,1
stars1n6q5z3dr5p2ktwz0s740fp3vlcnqydk3pz0fp0,1
stars1rts33gaex2hnp45yjqzenxk263jmczw0jkgmnm,1
stars17450tucv6k3sdjws8fh06kn7wsu75jfhygf6shkwmlm0nrsv6kps9ke9pd,1
stars1qx8qaaxxf9ak5nscdmaja9rayf2aymn36duzqq,1
stars1yzym3ktweyedrt266w75znnedwwdsue6zvweud,1
stars1rxtlgc5xw9anlkasady7ukfrppktl950ht2pv9,1
stars1rgf72f8n2x24ma34n9phktt686yj9yzgdnzsez,1
stars1mmrd2z9c8r7ahqaksgqc50c4k438lq5yws35ew,1
stars1e3jszc8s8j99p56qk597pp08z464mjpq0f7v5n,1
stars18n72w22aju7slrd054urn0eq9t3yds227jzyp0,1
stars18e4fdwr23h9j2e6uucvuzsx9gwhys3q07c2jgf,1
stars1custkwd5tr876ll3u99zx6tayuwh2ug8anypz6,1
stars15z3yw9d7kv6vwzkguqzttrwfcuferz3wpjzyaz,1
stars19m0fd872k3clqldudx6lrvpll50q5l3gvl3qp2,1
stars1gfdvq5vervw4dh2c6y062x4xt8ac8rwucrtagw,1
stars1434zluxmfj85vwpc3stk03wrcuzrqllcnmv3yu,1
stars1zvgz5ryz3rn0slt269cpqvhx8k63jpzfzxvp73,1
stars13qpszywfr858p55936jwz7le7py0ewyz3ljg8h,1
stars1e3y2en66vxqj5lxs4k0tsl034kvcxjhrrrewg6,1
stars1uauggjq5l4plarcurhclsmrhdrsq40ul4j8839,1
stars1khfrzy6fgpxu6a7lzj7xs43rsmr4r8ty6xf40u,1
stars1vtxp94gnpxx3hxnt086eu0g4jm5hslk4awnq9l,1
stars1cu03xlflmu6znvf9ywrt28jtv0nhfml7ssy476,1
stars1eln5xqzf7wf5x3h88jmsh9f378mq7matzqemrw,1
stars1wxusrnpsy03ufcg3gcsuwl2035al76mpppmg02,1
stars1lqallsn9awysnu57f36q3yj3r6h5g5qx7ha2rx,1
stars1228wng0vsu6afsn4f0hv6xchkfefcj7m9vgfkh,1
stars1ra9563z5tn2lmqhydt2atrgzftk2d7um4zd8y5,1
stars1fa74d7jgtaszpg75tn9s4md8yyesmu6al9ymx9,1
stars14eaylprxd5gz6dgxymc3uhnvass029es63pclk,1
stars1kalwzx6w7ygq6j5cyyaqmufxat5kdh7eg52gmx,1
stars1825tjn0kjas268nc4pnqyw2qtlkeaejrwh6adv,1
stars1uu3475jxwpax68g4jvtydu82ynwuc2qtlmsh6d,1
stars1qd6rxzlgqzgz82cnjdc3jh3ju9yssay8rmmh3j,1
stars137w8w3cszp6u2u8rfjk5a54ycq0fktpg749xas,1
stars1jdk0lvcp6j0hxqpnztmkgcttnksyn86e7syekh,1
stars1kdmxq3zhf06qqn302z6vhkmrud5t4a5dkmdes0,1
stars1s7a943da47ssn83qk8947x420l2muh5zg4ugp2,1
stars1wr6ykzu3p0g4nmc60ad0r6nyugun8fkxq524qp,1
stars1yn2a8zgywvjqnlqnplc2ldrnljsjhesc6hw7cz,1
stars1ulklfcycgssq4g6swuzqss3hr3yz53k96tt2y2,1
stars1zxk9h3434pgwc69k6mvmawmkhc97zrucnzl7re,1
stars18u949296xn9kc26xy9p47akrlgf8ne8k90atn7,1
stars19njf667kw2acwfpapupm5z4tfckfjyy9gn8ynd,1
stars1lvqq2g0vhnscnkqkmu48j4etl6y5umku4mmenw,1
stars19rn0k7yajkj9kkwqzveklc8ptats43u8ta7re3,1
stars1vcvav8r05clqpvmuhgvwmqte6l5p52mys59fjz,1
stars1rw64fxdclagmky8yj8deuzz3usnj58q4yumdwn,1
stars13xdgenkl6dr3mqahx32svle984v3hesk694aes,1
stars1puwu5uv5sjdvyf2yvkx6aqc806vyjjfh3s6r9k,1
stars1wrxtz6v0j90sax3lwav5rpt75ystwaqs96le82,1
stars1s38c3djfcxahe6nyvlyac2p35cgghveg2vwcet,1
stars1zav5sx9quvzzxvzsl6jyzd50rlhvr0qncy6jcr,1
stars1wd7dunwkk2dfn9r2pr895v62ffph697e34ttl2,1
stars14zypcm32vyynkhpzf0jjc694yv54p0ksuxvavs,1
stars1sk5yc7666vkzltqvx35z4qckvdlte25rykex5d,1
stars1rzuh2fd6stdh3f078asfy8cge6wvj9nl6ge9ls,1
stars1d6q046wa3aah0fd87q63w3pdhp2sgg40c5p0f3,1
stars1jzgww727j26mllazuqmp0ew6xecfwypvru4uwx,1
stars18rtv3t4525vsu3epyeqz6v57qaeafksn67p8ca,1
stars1qwpxmmkwnjkyzpc4ttev2rxguu8l6v4eg6pf7s,1
stars1uzgnpf4lfkl28mdlkqrtvy990suwnklantvjw3,1
stars13h59ek02vmpra6zlcp47068pgxujaxje6zsvep,1
stars1u4urvjxmdvukqecy9yqr4ppswcgdd270muh4aj,1
stars1cv4r96lw5pdlfjtzgmjcr9k4fnk42exjvag4cu,1
stars14cerj3vkfl7leynpl0784mxdt2707r0wpjcvsy,1
stars1vk3c6u6e0vgs9yln7w3uw2kdtv0zj7nlkdf42p,1
stars12hz5qf6sgyu37jemuc4dav9vpq2aq0h34u93t2,1
stars1fcqr6p42lj9zejhk5sn70tml6uv76nkxyvf7qk,1
stars1axe6uc7f8wuwuj66awmlzj8m6n72k2c2gtrhw5,1
stars14w6tm6ul0dexe58ue9h5tuqkp6mhy0nezs9c8x,1
stars1e9vzrfhzuuvl5sggx3ujs3tvfr6d0nyma8fffc,1
stars1a5vqcg0wf7hz2kp9mhqskuc82wff6u3p2dnzdp,1
stars1gytw67c73545vwt48s9rs34ftez4nhmak0ugc4,1
stars1x886j0sdzphknkn2j7tpvkph6sxcxrc75d8t2y,1
stars1x7mtxeqp3v93hdm5sldvg8vklh5jxqey99ur7n,1
stars1wdxp6gjvgxdu2lhexq7uz6sxngg44sk9n8f0a9,1
stars18076zuw6k05e22agdsy8zhwnw8e48ahn25kwp4,1
stars1876h8c6qtlvqcnfztw6egl7fljwkhpcperykp4,1
stars1awzq5gzp6yhhysxnawcv4u6v6dsc7zp9pexqqv,1
stars1q8efptqwhlnr5cr59z3gnwaxh2nwfstnjl27f7,1
stars1z20fshhnq8fg2l2nz5fwxclm6gflzpgtyq33g9,1
stars1elw7dfkar9wgg5em7ddsz6u3t3yw9wg878qm5f,1
stars1ckzsxg7hsf56gys530r868sl9gq7w877k4agcp,1
stars1jmpqtl6msvelzuyw83maq05wrnw3jdfz3s3acg,1
stars1j73qw4e7q04rh4mds2lmsx294mhvmu87qmp486,1
stars1rv38y4sstk828lnzthspwv56a8t0hedt0aewxq,1
stars14m6vd4kdeh252f4azpw2eajyl9rrh9rc5vcvma,1
stars1jpmkgy03t6k4535ahg76uktqtgr2xvt3xrzyep,1
stars14fdskzl05eqvt69stc4x4fdgch93hf6me83uze,1
stars1qm94vlfd69eacrcx687kfkm3lu6m70sanlvuvm,1
stars1evhrfqrcsfn09v7x8fylthlxrk2j4pc4j646ww,1
stars1nt3dtd5ygxl8y4gclvdyhujpf3l5prapq0reqd,1
stars19mfm9aa5shp59agt675nwrl9lf8n3ldsf52wve,1
stars1rt9txg5uvwnuu7n05usllq7t7fs4884p4ua0zq,1
stars1h7teyuhpl7mecaqrw427qjqzkzmz58e2hnfgcn,1
stars17spx86084mfxde4lfq5vcjanpzdrthl24px37c,1
stars1eykjz9ekzht9635d3gr9pq9nd4ctgu29dxxc40,1
stars1sr36sm855wr0n4spspaknae7c64rdn09f0snd5,1
stars1hdxnyyd0nsq9jakvgh0jyndnsr4hfvzl6x4edc,1
stars15g6gyhcg7pr9ua4cdczkg93h54ym4ztl6xgcn3,1
stars1crckdhfjpq4rn2prnf484fk7n239qtnmfu7hg8,1
stars1g24a5v2ul92ypqdkh2c2vlxhg37qx9dcjxjdv3,1
stars1s55epqkzdfq93c24y4d4m2amdjcydkdej0n80k,1
stars1ku3yettme828gjwv9z95q6qv85cdq9aecwka9j,1
stars1mggyl6yuyt2efvlz6mswml08n954f5lp0utcyq,1
stars1g9y3g9x9jf0xcjtue6hhelg4age6d0u8qcx4y3,1
stars1fvwjzcctafw0nc2ztssf42lksajp92t5tgqehj,1
stars19uf9yk3h3m0ztn0zk60llj5l6mu93xpmdyummk,1
stars1qa39xl38plv9rcul575zjdsr29hc2v47f8jp9f,1
stars1asedp9he3t3a07hrhjhuqpszruchdtr7ps465n,1
stars1md6aujpklhlll6yyn26ta5g0g5h029l2jl5xqm,1
stars1vq560lns6ylh9c5a4wzyt8994445y2w7t6f5mk,1
stars1rqx7h77w3gjvwxekg6uecnfsxjdz98hpu7uvj9,1
stars13g73vgxgtqexktswhvfaeruce4mp4xumja78ad,1
stars19enhux802sxs7rnnp5hkade39r4el7gn8vrc6a,1
stars1lrfjwzuxkd2dw45a4jctqx9wv7eg6cyxnvf77t,1
stars1gpxcjctx0qjwzyhze99nkltekkpk7n3rw8vm4v,1
stars1ync9v46466mglkx6dqz465ekd4ca6t506p0tt8,1
stars19agnsve3la62t6pjj68rakqwr6zzl747ht5un0,1
stars12wxatkj8fn0j6ss3j4a4t7v48y6pfm3ls3tynz,1
stars1sar8cu0rc96yqv3yth7gummg6dvx4pyr65ukd5,1
stars1knqnssu7z5t9pqlgypmsuzmezgtedcad2plrjg,1
stars1jdre8c8faxml94q4jyu5vasyfeza9tdc2qtfdc,1
stars1v0yvndn47983uxqldvq7y0ae6pwzz02efs46lf,1
stars16vc8um6382mgvx8jr3dlkz2fak8ux98u00wwz3,1
stars1qeeusdh7tjs2cjxyzgf09xu676mn8tqup7wxx2,1
stars1g27y87esn0y82ssh7ayk0shp77mu3gtqftcumj,1
stars1jdruxc27gtd4rsdpflnxu97tr4jxr06002jqz6,1
stars1jwurtdrewf3juewuzynsugakmry7799rj0dq5j,1
stars15nec79z9j2jgdthknakeax2dhwzcwdp2ya0xyn,1
stars17h7fna86yn2z27rxrev8c3vudxxd3azmg0zqep,1
stars1mh8gtgt64n3fp836sy8cacf56hw74srur65dj7,1
stars1z0ux6q9qw0xjhhy86wgevy8u4zd5nvhjk9a9fj,1
stars123t8k3amtqx4cwwa2jlxnvp2g9pmtkcfr0gywv,1
stars1h43066jseeqn5hm7ljg0jl9uuh9u5k49tyv4aw,1
stars129h7krwnecvgls9ccee4nndrvmsl40rmm93k4y,1
stars1keaeu3wellxk2hzf3x3hx6dk5c0psh0trne8la,1
stars1aeul62nda0thymk50cen9xsv7d550t2xmgw2pn,1
stars17ezrlnq6j80j0x4mlawne2wxe4lzcj2f6448dg,1
stars1a8c9luzacja803r7x20xj5chtgnwe7nm6wec8u,1
stars1pfd23rcs2kc7jte8xxuhz3pzhgcwgwjpr8txyy,1
stars1dasa888ymswmudfrnh09dcmzp6ya43zhh0l62q,1
stars1q9a5hy34xlpksju3s3ujxtfttjww0nl8qnkneg,1
stars1ss468redqmnfp4uarnh9cjemj5mc5plv7z73dm,1
stars1uksw4vrypp6twjyn6glvyff8uumpelsfh5z7k7,1
stars1cd62c5yc5nwhxl77knvd6zzf8jfuy7r4jsakgu,1
stars1wjtcv40vt8qegceg54ghaqr8xmhjasa3595stm,1
stars1ksej9u0tq7v9qz8yww09qxgxvezurdmaz6t9kf,1
stars1c6clp7w99ky8uqhksqz4t3gu8sdggzll6yvxej,1
stars1r2hlf8f35t5qntwx07sex0uvh2y5rf6c0vvxhn,1
stars1jqlel94xlepdfrprmm0qa6nh8004q8f7m5jafq,1
stars1ryre0akzpm8dptgunewpnau93hrxh6sruawq8z,1
stars1rne40npkyad3rvhzxg9q7xp9yg0qn76lcmrl8e,1
stars1rpj7hhhua5slwz3fmhynwglskfljkg5msq8y3s,1
stars1l5e7530u7ueh3pksxzmzqyjcal9ks3kn444pjc,1
stars1rc955s20xjfzz2uwujzpu4ljhcdmntr08l4y92,1
stars1ehgps9n084r3qpw67j59ardmmj20zs8p0q238f,1
stars1ylm75gruqyhfg5dkeh4k53xsfqlumzr2zdrhg3,1
stars18yqdhxljhf7332xvy9fmx6vwklx04p5ssw7393,1
stars1mg4pzajk9h6d9lqdgwd23wn6jdjj6k8j9y5tqe,1
stars1yztpfn4gxmwvqa2kwt9ademrxzxnmz4gcw8f77,1
stars1htr84ep3rr7vwkaldqqv7jvpgnd6kekeecxv7g,1
stars1sgqtpy9urxc8wv5z2uancmsk8862lvrtvca0tm,1
stars1er3a2vxzakf5ekw0qgauavatr8wcvjjjvcasp2,1
stars10fdwe698fl5jfuq38lh6tgs0f0jp9uakrcm9rx,1
stars1u46lxzlwsaytfkaues6g7tuekly7jgpe82sayr,1
stars1f205t3y08u7ew880wt2ywa2syjm50l6lv4wk7q,1
stars10rfu5lel5h2c02a33fwmqj6adv2zr0hcxhpv24,1
stars1z5x07m62laz6thm8quanqgvg42gz99s833eaqw,1
stars1dsq074k5h7672fa2pqrjek06u8vw9az3k6ct58,1
stars1ygcc7z5j025w2hyc38cnl7mn0whvggm2j9ps7a,1
stars1l2rac3jrdeeux2hmkshulf77nv756l5mxnk7sg,1
stars1nlqvagkvma9t5k6fakud4yq0hrzhal7vh9nm0n,1
stars150j9auccvjdsquttx0qhawvux2m67fcx6fj205,1
stars1yrfnjkdg07m5x68y082j3tms9ss6mfmktsfg95,1
stars1ajf4hwya6e3wyqcdz85ltes22y68dtm8wtyytw,1
stars1vmy8hxqx7r6j6y7tdql7ju2dk2x23xv6ukfam5,1
stars12xxg7zzxkdye6yg7qgqnddter5lxptz83lym9r,1
stars1gvsst77cgv0dktgmlcckx77t0jf2c7gdjr38pf,1
stars1z0nvmv57cqax4s6lssft9yhfn8ksxcf7lrnxfk,1
stars1hd2588kpqgcvt6z7qj5w4gvdah03f6zhdln6pf,1
stars1k53jk7cyqk8rcwfd7a5x3t4jwnds62glsfmvsn,1
stars1mdxnyaahpjjglw52zshnt3e7rt958v6detgfzv,1
stars1hk792hvg4tl27tqg7fqeaezj8qu06u0aazzk27,1
stars1uqu3q8tca4v30zehndhvq8ascp0uwmgrp2udsf,1
stars176wwj4xtdtacdhzj6uf7xpp7qmu7ga6uwksevv,1
stars1gvkeptscyz6m0malfat3k6hnzy26ezm0ymw0dd,1
stars1nhy7mktte25scvqw7s57yewnp89kph9fpl3fzw,1
stars15kua95y83mppz6vhelgfsgngx7hgzjfucxlq34,1
stars1shzx64wnsxrh6x2krzuj53j3wy9qxa9ftc87hg,1
stars1cyx9rp5p3x4f7szh0muwld028dy538hs92gkpm,1
stars1jq9s8fljs2dgcvevr3xd7fh0jgj06a6pl0d9cc,1
stars1u3edx5prwk677t0lprtlzzmxgaky2h4qnmm5pm,1
stars18gemsrqaavhlhtmalgu782kt75qjtnylcw8jmp,1
stars1xumg2rqstep3tzzcuqvfn5ca4tx0k57w7qs0zs,1
stars1jsmu833h3afupwq7vsj5egj2avcjqugwumlywn,1
stars15zak4z4ex8lhfxryr7vumcwxeufsauaj4um3xr,1
stars128730dh0229kvjqen05jktkese27knx4dq30f2,1
stars1yqccwpnusftd9rhwexfcglqlk87au5pksalt5g,1
stars1p3ud7j6g4f489uwwgghdeyedprj2w98z2mfhs7,1
stars19mkvh3t3g7p25tem6u7udrnhsldl0lej2435kj,1
stars1d9n0st40c40qj37hwxrjp9qk5xz3uwf43f8tre,1
stars1cv95mu5cx5ccyrvarzqsyryg2wt7dvan4ws9yl,1
stars1fd2wxqhwd7jtvsgkjpwjpkqjrh7j3mdwca2y8g,1
stars1qzen00mf7dslg64xtjmg4faxj2a9ms9wlefth8,1
stars1qs7xyqvxdhp3uhc8n2ra9ku2agtjrth7qresmx,1
stars1aesjtx38r75apws39j8j2mjfnvssdrae0tr99j,1
stars1xug46uep68c3g6nx5dt8m3jvxvfdenrkzw9dm8,1
stars1jyh83ju0ndexpseync7pft2254q7gnsrsqmmp3,1
stars1gm09xmcamewzw4hgdteqqv85z6zgwg4xr5agzf,1
stars15plcm8tgzf8amht90dhl5xzyjgulkvk6cqdf9l,1
stars1m7fp3yd2r5h2u4uu02m6nstceranss8vws75t9,1
stars1evp5pjuf4jrp5wmwx7cufdarxmtrsszhdzvde6,1
stars10w6pdxd7d4p9ep4dhjf52aka7lqgfck3slppwy,1
stars1g6tz7lgwaedq7p40kzzell5juutjljelcq9qds,1
stars1l50f37jmv4h7fa9rjgs2s52ph0k8jsazpglmgr,1
stars16xqf05lggllk363x7gppll5x8jh7yz89s8jnjp,1
stars145vs7fa0lxkr8dps5cfs47pty5j69g7w9fchts,1
stars1cr7tlxe89ka70jyynqg4pvgv37sygtnsy5ggs6,1
stars180phhck72hqkkfygyn6n77p6hvg6749fqfteqa,1
stars18ak3s59tn54222ryz8wncfy4zslq4ugnk4kmyx,1
stars1nazaqt677cvv3rplx62tqsh70speq6cfyytj0h,1
stars10ux3fcqsuksktu95egssrkjrfa8q9eas06dfvq,1
stars1m5atd6fm6zh3rtekjrtetve2c5es6f9eywws3l,1
stars1zcy7h9vpj2g4w0xw3ta3ky977z6e6ht03dkjg3,1
stars15nj65wwmwq328erzsc6mqg4q4vjmzj4qx4wnyv,1
stars17h6u09rvhcfaq9g2aveh8807y52aeg6xhwe3mq,1
stars1w6k4jmf9sknjvmz5dhre4j4aayfahcen3kwjqy,1
stars1edwg4xwka78khecqv7ja20cha9nhqd9drkw9vf,1
stars1sr7ckfkulp2u5p85tcrnee6h5z6u950dmxe9al,1
stars1fz0wq9309jmd7tye4td4typ05ys86h3c06wzjm,1
stars1tey6ug9xeng6lnghdl4nxfkcvkn07zastlh7t9,1
stars1zrfve7s5450lxrmjdz2nwwwjvr5d0ehlyhra8h,1
stars1xzvtw63unx8y5j4a3qa9uv24nqlyj8rzra9w4x,1
stars1kwuwr5tp5j3tjv9wyxpwyk0z8ntctmakean33k,1
stars1n5gytpynpg89z39jy7w2l7gur4w58calmevp0p,1
stars1c06wjt423cfsk2ghcv9uzhwf5dqz8qqxqly2yp,1
stars1tppw7hawmacuve8ufxm64p2chpg9jsjf7zwnza,1
stars15j6cn984m0e7lv7nmwj58x4pysg5mne7mx2606,1
stars1mq5h3eqqv328ylxevst4m6ugjgeqpm7yngx26s,1
stars1xun9zf85tfzwwkhw8j2g6tz7qf0fe08zunkd7y,1
stars1l6sam4s0cpl4r7mra4xl7znhvpgdxrt6up76mg,1
stars1fu5ekydu9xw3zyfhx642uqxuls2x0wh4uqgtfe,1
stars1gnx4d76xs2c9rdpt7es4hgc03ex7ytnrcmx25m,1
stars1w9htnykkm4d4jqshh7lf3wzw2z5zdghkk9254f,1
stars1rq8cgegnkkr02uyy43arp5rqzmnsw7e4lw3022,1
stars1jq4dfd8h5zlwz6m0ej54thmjt500zcv68mgxck,1
stars1akkxnrnmy2c5sazxyz22e8j0p7984y9rz2w78n,1
stars16neakvdxvaymcrjd9qgctn7cd5c976lay30vr6,1
stars1wvgwyvqh7gwus8m684jhdhzs85fgtvj26tm8dg,1
stars1hcd39k8j3x59ntwy70fshlelvfjg9tnzfthtsj,1
stars1u7x22m8drgsaq5ttv5c69kmknhenr5q4aflx4c,1
stars1hgqtxpmjwasyk69n69y8kuffkejfm76rel3ney,1
stars1csa0ada48kng83rnhppm8avr5atm09lw30t6wn,1
stars1gslf4kqzav5z2hz2pqrph3yh8vd5suauq5md3e,1
stars16k8aq2tyqq6quklyq0a6es8mu8nlx2hkf9yx5v,1
stars1wgx9amc55j5sqnatx2upth79zp9lq7aw2mdaj8,1
stars1qmrazm0hgfk3u5x48achnjxq976y3my0uzkc2v,1
stars1q6xvj4v99c90dpj6upk3ufv606r6l2xx3tj4xg,1
stars1r6zdqatd5lz47p49gw0q0httlrzy56j67d0vnt,1
stars1wv5a4quvyg7rugg99wj9l2n8ardg6ccyym92tj,1
stars1ehrrqxlmfr3ze2296hd6qp62z0h2ucmlhpaznh,1
stars1j2ey9uwazmc8t5fhlyf6jdvsvur9jvmt4a5fuy,1
stars12mdgmhn5c8mglgxr9f44cy59g5hc8t4gkgn4tt,1
stars1antdmwrugv48hal0w9upcrncvk90xerz6qrln5,1
stars158aukkslmhn8e8dtdkmptwlhemq5qwe9rmz9vc,1
stars172utejmj9668wk55cfrugzzgjwm0y9s3ycxlvy,1
stars152p4k09xesg7vzugh7t6vpzntvgcgnmxx83t9p,1
stars1shzdv2ke6dhud0y6n0vf69ss8asxxptwwgxhxt,1
stars14cp7x6cvxsnv0sssvhs7s2p07yhssz3r4qnqe9,1
stars1pzes6znvc7s86zkjmkc7xnjx25rewljnv7fzq4,1
stars1m3rzw6r8thyjkh5lh4wheln44tj7pueylvxpm4,1
stars1e4rp9hrhxgw7gdtntvhrus2s0j6k80jl4cyy4m,1
stars1cwhcqp38tdhx8c2ywltrsyhed9kp4t0wtvssu6,1
stars1vpzlwskzcvy60lasrwa5xepztfp95vsd64vlvp,1
stars19t5z9l4accyl6mz428stv0jyw30340smdwpfaw,1
stars1pe6my32zlq0c9x8efxcygw6x20nc7fads6dc3k,1
stars1n98dym43ag9ltwzpt29d8eljzt8azerlm2qynq,1
stars1yp2440e5gk25ej9qjwg6fldqlnm4jz4xpeehuy,1
stars1kxauuat4yn7fuxpunf9q0emxd5rkfjy2j6eryr,1
stars1q3tz46plr7hsx3qzdssv5f5wy94av3m367uaf2,1
stars1uwyfk44qwgja8vdkft4s3ekn4df0wq9qp4ywn7,1
stars194swukntjr22803e7j73tssvcnrchpg3my7h36,1
stars1u0jzhrw7dgsrdg0k3eq32zd7sjw0yjyavpf3h2,1
stars1gtzqqsl857vlkj2vayjlvkl4d6x8d6rycp7ctd,1
stars1jsrf4ax75rwqhfgsnkgnqj9v7h59fgg5xsvahn,1
stars1edgslduhd2wpaanlh6gt7z7slzcs7tnr905usn,1
stars1dy69x4ls39u5kmmu7tcjye9jnrmh6g6mfa8edh,1
stars1vdj6wxngdc5pyc75fa4r7u8glgvj7uhh06l6p8,1
stars1v5xlyxkzphwcqsjlc00h6s65wcjn4nnt4528uh,1
stars1rygyppvm9g33grcvmrmhj9jf9ztcvcd7knyvgs,1
stars1328u42mjw8lxg45m09635yu3qaanjzndvz2r88,1
stars134gmjupg9kg663lwqgwq7x66ur0schqxn0c6pg,1
stars1trrypne5dkqrfgug055gvyttyw5danhw3ludkx,1
stars1vn0s6gpqv37nz3m6e6fgwc44az90zjf4qzqq3z,1
stars159h9057nqcv7hfre5f0datx2ftxgjhj220vjt4,1
stars14l84dwp5dnruxdfxewkx5qsxx6fjvffuf40rmp,1
stars1w0gtue3n67frrmdtyymrcurafnzc2jsdqzejm6,1
stars188un9ka6rk2ncl34ug6p9rsghrlvyfynvnpg60,1
stars1w2kfj9gr5wmj0dkyu7qd7ls26k4vxp4l8r4cq4,1
stars19q2h8237906pk5w3e2l7lauej3j4uzuhxvh3cp,1
stars1pl28m89kw04w73wxaxg5gwswd5sqvluq04wra9,1
stars1h5tfvtm57la2gmp8h70e32aghww7z3zvm7t4rh,1
stars1lfcfall9mm75xgkjj8mnt7n9s968rnydsywfeg,1
stars1aemxqhtvwney5kajlprh9ssjyhpakytmweheww,1
stars1srfxp30c7z9mzq9j423p0xzu47m7s588pytw7m,1
stars1d5vh5qc7vxwd2k44aymslkuy3qham69rwlws9g,1
stars13ug6997t0eu0la20pkd30dmn45qydfdkexv08e,1
stars1w6dpa2l2fc3v2rc9dpuhqg4lt6ykvlqg5np6ps,1
stars1v4v8y53uatjmjvkz3zgfvsfecnl2edyfs0qxap,1
stars1wuuflmm6gc5esdttfgnhau8ryrk8k3j8aclf40,1
stars1ypv9h04t20uck5w5d43zvcua0vxlgxf6f34622,1
stars1gm7hgy2slxyrh2tr3ck6agae45rm3fd5u4rgg7,1
stars1cxrr8e8ac76llvd5vfcjnap7jd0nnnejjwzm3u,1
stars1m8du4mehzfl0y8ps72a6fzazjgg70af0tdtnn5,1
stars19a20cj32qx9gl4qytztxk9r4xxxf4ntrk8klju,1
stars1x4nwcsuhn0dywtncclt5x73fff6c9sppg20ptw,1
stars18tpaq38ztjzd8k0ldx50ds49cmn0a6q4sdsxj2,1
stars16e72rg053hcncfwzrnv4nmdjpe20g99epr6ctx,1
stars123fmcuxqkfz0sysj402a7les7h3k7qnz7acm5d,1
stars1y6qages3tlalv9vjx2zlmxjlhtad4z8xlnk560,1
stars18cfgxg79kykzxyrskqs6clys9rg46ywzcelae0,1
stars1k4edtdzkr4ecynmxsd3el8kuejkcwjhc4kuy4n,1
stars18lnd2qfx3recvrmk865twk32jnllgacrvwt5ph,1
stars1xg2036e7dp48s9y453277muyk9r35gz6kztkq4,1
stars15j7phf2dte94t9pzeehktt28j2unxjqsg5lrzc,1
stars14g89jqm5muw6qapnpn2qreqfl9t5yehnw89tf3,1
stars1r7ksvq48km92gs9atkjq003u990xdantzhmyft,1
stars1rs6y6fc2u6kwk0k0d62vq7tmw967nk5xggdvzj,1
stars10x69fn888t7yaspl28w6qew4v3ta3j06j0wp80,1
stars13jsv0utt6dl4fc7kypkm8hp7k3lc0q59kva5rv,1
stars1zhv6enwzn04gsx70755xluxs6n62fwxjzaea4c,1
stars1e6h4cpr0tk77f3990dzpaww8a753e4kque0t0w,1
stars16475dx8gvqqv96e30s5v4myz26da5zaf4h9qra,1
stars16hmvxnw99ay5r8qlz5njxk5nl7g3msjllktgm3,1
stars13yn26zqygefsr6qn9tj77wmj7wg6695xm5aqsc,1
stars1nvhkffsctzdawh4fxu46j29a30g8vcs7rdfe5j,1
stars1snjh20g373smq4q78ja8n8g9pklnrl68cfrlx9,1
stars1kjr2ahuv0v93rk2v5fu0vqax9k80szmvgfnyx6,1
stars1mdsgxavm5nhee2mmxkvlxe687xul776pvg30rt,1
stars15g509s7h5k5zwlj2tmpx0dcrt9l245kkrar30r,1
stars17ykal3ydtl35a4gwp3erf3u7aztp7hsq55p9p4,1
stars16tdumqz8vfg39cehktl955pxmlmrnlznzajq2l,1
stars1295u3r0cl9aa3gmg5c7tslc27509wehnrlhy0k,1
stars166z7xyph4kfr8fwzzt4ljt2pyy6ql9tpcv9sp5,1
stars17kx9p09k5zf5py8gs8gmamrvsgaqkyrzdreqy8,1
stars10elh7rc4m0t8apjslymzu77428admuvew22qpf,1
stars15qypa0nx5yn2jdvms26fcejra6axjdea6nyk4w,1
stars1v0lpe0qmj8n6cmx8lngjkagkgfssrhcrwkgtah,1
stars1clkntu4pqp3rnz7j0rw7puk3xq3rv2x9pvye45,1
stars130x96pl2xln0futwp460gzax2dtlfw8luw8624,1
stars14gpz5psm89mlyl0yjn3sejz8tauxthdpgjqkez,1
stars1uhlja0wmqlf9twjc5k2ffatvfkna0y6y74lz8a,1
stars12lrk2dmhh6vdnlddr03v24c7r36x006wmnwrmx,1
stars1ydj98tcyax0hey6qldm8mrfe20ml644xs0g8pr,1
stars16fzdfzakeahln7kaqewn543arxfpw4gfctjcug,1
stars16l3mcxkf79hxcy8sfjpm6gu8el70m4dw7kxc7u,1
stars1cyvgmfa394pvkm6jvwzm8lyx3vr00wqwnms9ct,1
stars1pygyv2as3w29v663fag0dwherj7j9mvygetnqg,1
stars1lqrcveq2qytg6ej4hqvfq8cd6p27czteghc56u,1
stars1rqghfnn4hwmphs6p72xmehypxah5638kf2vdqz,1
stars1vvaah0rs9f57hjww9ehjxxqtrlqxn4xw0knqvq,1
stars1u5wufdelte5s8625wgxaz30hh7f74mnqdhq833,1
stars1tukz5haz3c843e2yk8mw9e7nkf5m76ml6e05j0,1
stars19mv7eaumfpkmrk5mwuh5969zcq7ryuwul3natw,1
stars13crn83twe98jt0r9np5gnvvfssf3xsklwefv72,1
stars1k75mry5d8e7szwd73ndtrlenpyucxe43s3am3c,1
stars17mems5w4xppnpwlrc27ydx297cw9msz229rzhv,1
stars1uk945dx6xay4m23qczcctf0gzdwfz8cjgfyn5g,1
stars1f9v2zr08heg520zyq5luklats2rxx4ta0yeug2,1
stars14jayw662dsn2u050lmhpysqu64dz02cvv65nc2,1
stars15udt0d89zumum25xcprnnptg6tx3555cc3rkzq,1
stars1d0rr3usfxrsjmmdvet69dhp69ltd3uhe8ahq0c,1
stars12852uxp5z750rl6c7dpcuwfpga6ppdn6uvrdup,1
stars1dkk0lmjdkp5e0mmy5qf4rsjgd0amcdfv8f8qs0,1
stars1lhznxr86966ffcpsgjueclrwjssfck8fv2sh5v,1
stars1rmtt5svrjdungmgu34ugst9awvhemlknxgzv35,1
stars1a0ayvt5cgxwscvt4caau4ygrck77ktz6k752vy,1
stars1d3zt2yflrhshq6qsrx7lvlkf3t3tujjhgg0nwv,1
stars19j0kx8g09nah8dkrw9f9svt4f0ntgyz9xh90qf,1
stars1xt98pg83dm0xvzdhtucrr22uhq34k8wgduw2mj,1
stars1jdven2lq8nk6n5qzy2xnrylnf4kzwyrmmvyf69,1
stars1mcw3sw27kfff63uqlg9h5fashc8lnc63p6x8g5,1
stars10gntlcdxakjdk24ua9jrm2kegfgne5679yuvdp,1
stars1t8chsx8zdze0vm8tjulnzlls32yw49s627meac,1
stars1ly00j2dyyxdvp32qknldjkhe6unpeqyhemtgg4,1
stars1lv8nqlsu7w40q58rz0xvteerfdy2jxg0rvukxh,1
stars1c89k3tqd5lw0u06a4t82dkhxm48g5kyl525rlm,1
stars1u4ptg0clsfauvl66fmmuthup5x55rrlrhwhg3e,1
stars1x7rmrf8wh7yukflu7h2sc98rk2usmy4zqls5yq,1
stars10taytrle2a3kxh9qt74xhdsxcfges8w55mmhj4,1
stars1uk0v95xdqhds200wjqnjzkznt83r3apdq8yx4d,1
stars14gh5yqv7enpyk092eh399tkplhrqypclc2tnt2,1
stars1zaxgw9hhyvztzw85zxwkucykjtdqxc06vxcmut,1
stars1vqzn2kzjnhvn02x0xc5n3z2wwaw766ascfkjun,1
stars130tcpz6l0j9f382prlj67r29jmr25cgpacmd7r,1
stars1xkjj6kvpqjm424ynrz3xk6a9vhruxuvpyr74ze,1
stars1l0crnkpxm74y35630l22ap675r8xlesv9f8ynj,1
stars143rygs2al0fk3ylaw787zxdh3uay8fsy4kfdaf,1
stars1f2pfmg68qxxsffp9ckv8mz9dd83zhcsh8xzu86,1
stars18vz9x40d2wrja98ejq79cxd49pv027250lsvqa,1
stars1s4xg2v9yc2h83lefemxuuclzhjwzvhrhm75c6m,1
stars1f2l3v5xzdy908693csqsrfnwdqkph3cynm2xlp,1
stars1uj2ny4pycvg6aj42fppmt7l6tkcpad8zdhtsrl,1
stars19rw8uxxkmzs6sppx2lx7mlujq23tu7yhz6shvj,1
stars1aw9z5ajg32gu4qphkrypcyggcrjy6xdjpkqvlj,1
stars1y3mkt7czrjn9pkmttaf43yfuf5gz0yhlm78zsu,1
stars13a6nz8mej9e9gur525x6d2hfw0ql027nnk65yj,1
stars17pnrtn32f7dz3dxr8aqygx76fj62wcftp2a9v6,1
stars1gjpkdlve6j4glhq4csrzeux4azltqejzej6qh6,1
stars1wyxy54e9qd6hwqwe3zcy7ypetvudd8n6wk5kyq,1
stars1ctdyu9f768cf29mywh5lehvrjmtpcwt4lskje3,1
stars12nvjpkx6akrtxkd033v8s8jdezs3zgda9m475t,1
stars1en2mt3xumf99jwsh4cy565prkevkmglwrq7ua5,1
stars1h64uhjyjpgp0msx755e2hyu25cfu9d9969jkzh,1
stars1f2lqzwx5h08xx75jyqf608cquyj6ajudnncm7f,1
stars1dhgtklra4ex88ptd9eh4ecmscrlwc7n66uswym,1
stars17wy9j4knsn8uu766s5343uvvw63d3dua9lkfdf,1
stars18d4nds5cw5xrejl8lkkv7n974kuve8qcjvgm7a,1
stars1c5jwrzwcsewzr27heedyu8n3s9qzmuqtmw0xmp,1
stars1wejl363mss05s7clkgu62ggugg756slhwxhufha852ej5kv7zl2qjah0rg,1
stars13jzayqvn7k5z0hhc7jj2qxge8g93qu7qk7sn7c,1
stars1n2xm4yudwdv3k33mfncec9954quy6nxpc3utgk,1
stars1xlku9zkhyqylcx8hjszpxt9myk56cya0q3kya2,1
stars144r0f2vw8cylhncykf683m0mvx5nclmu3mmwzl,1
stars15r5yxmn48ladmcx58g8u9ey6l6kqe0lvqza8am,1
stars18k5yh8nk2tkxygckx25qlw68uw7wush5sk3447,1