address,tokenId
stars1jzg6medqw6ckwespgaz6y4f7amkd3jv0s77tjs,1
stars1m3yl67vexemvlkwfshy9szyv9ppkz96z40rf0g,2
stars13wyswz22shgmkm6zurw545ed0ypshjrf0swlme,3
stars13wyswz22shgmkm6zurw545ed0ypshjrf0swlme,4
stars13wyswz22shgmkm6zurw545ed0ypshjrf0swlme,5
stars13wyswz22shgmkm6zurw545ed0ypshjrf0swlme,6
stars13wyswz22shgmkm6zurw545ed0ypshjrf0swlme,7
stars103verdnv4pzztty50ua7gs5gj25l2gwud4yz2f,8
stars103verdnv4pzztty50ua7gs5gj25l2gwud4yz2f,9
stars12s7cfwfj3jc8f89cw8ws0jfaux37tyjwj76gl7,10
stars12s7cfwfj3jc8f89cw8ws0jfaux37tyjwj76gl7,11
stars1azes8zlagztlwps95mplm39vwpld08d45ejsww,12
stars1sle7pxe2m4g0fphvrtyzvek3wqs2509faj4pvx,13
stars1zfdh9jslt8ldzwnvw8pkldyx6l9vxkhvzf6a4k,14
stars1m3yl67vexemvlkwfshy9szyv9ppkz96z40rf0g,15
stars16l0lcydppa6ayd9zev0qvym72nhdp46n8s27nw,16
stars192guner3ahpkfegtptmw2dfxscdqvg3fkanf9n,17
stars1f3cqss2xwav7wxu993cfj4lldtvqs33lwudlqs,18
stars1agn6f0dsw22zda0kvrpadlspkrudmdlu5krk74,19
stars1wryt0g4g7h8eldzankzpx55kraljjepxs9hguc,20
stars16mksfmegvzqkhla6nnh6g2w55qgdap6dg9yau8,21
stars16mksfmegvzqkhla6nnh6g2w55qgdap6dg9yau8,22
stars16mksfmegvzqkhla6nnh6g2w55qgdap6dg9yau8,23
stars16mksfmegvzqkhla6nnh6g2w55qgdap6dg9yau8,24
stars16mksfmegvzqkhla6nnh6g2w55qgdap6dg9yau8,25
stars16mksfmegvzqkhla6nnh6g2w55qgdap6dg9yau8,26
stars16mksfmegvzqkhla6nnh6g2w55qgdap6dg9yau8,27
stars16mksfmegvzqkhla6nnh6g2w55qgdap6dg9yau8,28
stars16mksfmegvzqkhla6nnh6g2w55qgdap6dg9yau8,29
stars16mksfmegvzqkhla6nnh6g2w55qgdap6dg9yau8,30
stars1l72ayh6xpge306s6jwr6l5dflrj35kfkq3ddys,31
stars1l72ayh6xpge306s6jwr6l5dflrj35kfkq3ddys,32
stars1l72ayh6xpge306s6jwr6l5dflrj35kfkq3ddys,33
stars16chv643q7dhz4dxt2jpedkw4xg0hcvez36jth5,34
stars16l0lcydppa6ayd9zev0qvym72nhdp46n8s27nw,35
stars1m74zj2duq6aqunjz4syec6wtquxygrkpe6dfnc,36
stars1esht4tx9ep8lq3m3jh48e5fw6wf2gve6ypslnx,37
stars10ejwp6pzwje32t3za5rhyej8gujhr2tcf7vs6y,38
stars1qwjzpda94a5ewa5r5ky6p8reffzu5dmud6eys8,39
stars1yvvmkmyypxhsmyzmfc5xq8kflrjc604e5w790a,40
stars1yvvmkmyypxhsmyzmfc5xq8kflrjc604e5w790a,41
stars1f3cqss2xwav7wxu993cfj4lldtvqs33lwudlqs,42
stars1eln5xqzf7wf5x3h88jmsh9f378mq7matzqemrw,43
stars1eln5xqzf7wf5x3h88jmsh9f378mq7matzqemrw,44
stars1eln5xqzf7wf5x3h88jmsh9f378mq7matzqemrw,45
stars1flhs29gr32y3xywvxuzqxymu5pgvyyat0r5epn,46
stars1d7qzele2ssqmg034na2gvgghxg5fxa0waewfgh,47
stars1d7qzele2ssqmg034na2gvgghxg5fxa0waewfgh,48
stars1hzqwj0fj2fjf5wgtwfr6suy07xfud3ksdr5mqh,49
stars1d7qzele2ssqmg034na2gvgghxg5fxa0waewfgh,50
stars1hzqwj0fj2fjf5wgtwfr6suy07xfud3ksdr5mqh,51
stars1k83g5j4prctjj5a5lzgy0c9se8r8klsqpsjk7wjxk5930mcd5swq7479c6,52
stars1pe8hvlgd5ae3k9r99k569egc8rwujnj8x5fq72,53
stars1azes8zlagztlwps95mplm39vwpld08d45ejsww,54
stars19ajulm47nne9ukcjup8tnuhurh2jxyfevhyaz8,55
stars1dqsmw3sryd4f8ty8sl455ym6usznmdvlryggtz,56
stars1dqsmw3sryd4f8ty8sl455ym6usznmdvlryggtz,57
stars1khfrzy6fgpxu6a7lzj7xs43rsmr4r8ty6xf40u,58
stars1azes8zlagztlwps95mplm39vwpld08d45ejsww,59
stars104aavf30j5uwvw2nnnmnp45hjzx60sdqwvfuqj,60
stars1805yrkfuhhhg52qq7euuvsw8gx56dcctjvn5h7,61
stars1mddxa63gl83d8vzkpl3kwtta790r0na6aguuvn,62
stars15qypa0nx5yn2jdvms26fcejra6axjdea6nyk4w,63
stars15qypa0nx5yn2jdvms26fcejra6axjdea6nyk4w,64
stars1aezm7tvvgcwq07cmfdyr4ujsggvgv6x5fj8u7f,65
stars16l0lcydppa6ayd9zev0qvym72nhdp46n8s27nw,66
stars1zlzqugu38wv4my0lfyltvfnfce5l5vtvn86yqq,67
stars1442jxc2sdh0rpw20lt0w2gep50kypjy3culxc2,68
stars1442jxc2sdh0rpw20lt0w2gep50kypjy3culxc2,69
stars1442jxc2sdh0rpw20lt0w2gep50kypjy3culxc2,70
stars1qxkxds93gtx769scvxxez8ezleur95ktqhgea7,71
stars1c7l3lvqp53fdg4ux8yvemsf540s044ne29gwk4,72
stars1c0alnmdraq35ds7v7k4fcm3322dx6v7y30ntvg,73
stars1c0alnmdraq35ds7v7k4fcm3322dx6v7y30ntvg,74
stars1c0alnmdraq35ds7v7k4fcm3322dx6v7y30ntvg,75
stars1m7fp3yd2r5h2u4uu02m6nstceranss8vws75t9,76
stars1wct9zxhr85jlzeajfecfjq7ehfqz43tqpdsjgp,77
stars1442jxc2sdh0rpw20lt0w2gep50kypjy3culxc2,78
stars1w0zhvhcld2akmr5wjpne95zjzedxeylmx4kr5z,79
stars1cd62c5yc5nwhxl77knvd6zzf8jfuy7r4jsakgu,80
stars1442jxc2sdh0rpw20lt0w2gep50kypjy3culxc2,81
stars180phhck72hqkkfygyn6n77p6hvg6749fqfteqa,82
stars1e3jszc8s8j99p56qk597pp08z464mjpq0f7v5n,83
stars12s7cfwfj3jc8f89cw8ws0jfaux37tyjwj76gl7,84
stars1264kuu3yy2frmun6dvkuqky7cwyh3lsg9za7a8,85
stars1awzq5gzp6yhhysxnawcv4u6v6dsc7zp9pexqqv,86
stars1q9kkh0wj56mckpu0m2skfkws8leeg2du7zta36,87
stars1q9kkh0wj56mckpu0m2skfkws8leeg2du7zta36,88
stars1q9kkh0wj56mckpu0m2skfkws8leeg2du7zta36,89
stars1q9kkh0wj56mckpu0m2skfkws8leeg2du7zta36,90
stars1c8gphznsyfu52xqrvxkpw20krplp8gs0jv92f7,91
stars1c8gphznsyfu52xqrvxkpw20krplp8gs0jv92f7,92
stars1c8gphznsyfu52xqrvxkpw20krplp8gs0jv92f7,93
stars1mlxynkqd9js8tkdnkk0e27lgz7x9lt866n5r44,94
stars1mlxynkqd9js8tkdnkk0e27lgz7x9lt866n5r44,95
stars1wv9zw2j23gw72tuf5hq03spe0xtrrkl79gf8ak,96
stars1wv9zw2j23gw72tuf5hq03spe0xtrrkl79gf8ak,97
stars12kct4cfuwh7vevec7c4y9slmee949qrjp5ds2x,98
stars167x86wtm089su58a0sjg4cg4sumhqyktyqu7hh,99
stars1wv9zw2j23gw72tuf5hq03spe0xtrrkl79gf8ak,100
stars1wv9zw2j23gw72tuf5hq03spe0xtrrkl79gf8ak,101
stars10ejwp6pzwje32t3za5rhyej8gujhr2tcf7vs6y,102
stars10ejwp6pzwje32t3za5rhyej8gujhr2tcf7vs6y,103
stars183sqv5w0dut265x397j7srgqcyu0dg0tqd44sh,104
stars17drl3u8mxy8nyz5fcrudnf5cjagst7kv0kafdv,105
stars167x86wtm089su58a0sjg4cg4sumhqyktyqu7hh,106
stars1mp3knpf4yka3dk6fm6h3qprhet26x5exjlpest,107
stars1aemxqhtvwney5kajlprh9ssjyhpakytmweheww,108
stars1hukwqulasgyg9mreh62uj87pasdwtg8ya4dpgl,109
stars1hukwqulasgyg9mreh62uj87pasdwtg8ya4dpgl,110
stars1azes8zlagztlwps95mplm39vwpld08d45ejsww,111
stars1wv9zw2j23gw72tuf5hq03spe0xtrrkl79gf8ak,112
stars1wv9zw2j23gw72tuf5hq03spe0xtrrkl79gf8ak,113
stars1uzgnpf4lfkl28mdlkqrtvy990suwnklantvjw3,114
stars19xa058q8h79x2ws22hjtawuer0kjzj88tsj8vl,115
stars19xa058q8h79x2ws22hjtawuer0kjzj88tsj8vl,116
stars19xa058q8h79x2ws22hjtawuer0kjzj88tsj8vl,117
stars143gynwp07me5sg7g5lp0kqswmj0mvh2tstaww5,118
stars1d7qzele2ssqmg034na2gvgghxg5fxa0waewfgh,119
stars124f2vtvz43ecz5hghx0j6x8q0u7yve5cty57ea,120
stars1sn73hfcp583y7ljyku08rranflmf5ahl654e22,121
stars19g4h644j3z3dd98c0lg0xmjex8axerrgum8rel,122
stars1pd0px3mg76qgp7rxe6pua90z0ucsd7zlt63jgj,123
stars1edgslduhd2wpaanlh6gt7z7slzcs7tnr905usn,124
stars14r5qztlnqa9pl2am0sn09wjsxsma98v76sqsvf,125
stars12tdcnn7yj30e26vx73wmk28djz05e6u8xn5nvd,126
stars1sle7pxe2m4g0fphvrtyzvek3wqs2509faj4pvx,127
stars1sle7pxe2m4g0fphvrtyzvek3wqs2509faj4pvx,128
stars12s7cfwfj3jc8f89cw8ws0jfaux37tyjwj76gl7,129
stars1fuw09hfg2gpk5tzcueh0nx054k87jsepq2hahg,130
stars1fuw09hfg2gpk5tzcueh0nx054k87jsepq2hahg,131
stars1zu9jy986yhxzw578aarzstxwlqdr5k9vu4tchm,132
stars1qyfhmkmphr9vsfjgrgvch65vklec3k5ycv7g7l,133
stars103verdnv4pzztty50ua7gs5gj25l2gwud4yz2f,134
stars1f3cqss2xwav7wxu993cfj4lldtvqs33lwudlqs,135
stars1kmenxkyzgn68ld2s3cse4fly7p3xnswa4tvh9y,136
stars120wkrp6926lxx90fnl9h7rrk23ltju2tcx4z52,137
stars120wkrp6926lxx90fnl9h7rrk23ltju2tcx4z52,138
stars17h9ylpu8dtunv3zpdn4vxnpwkw0h5wapn0p29f,139
stars1uk945dx6xay4m23qczcctf0gzdwfz8cjgfyn5g,140
stars1k79t3f6rlmx4pa6tel7rux64826cns7ug5cffl,141
stars1e4qkfvwy4qjn4c0s273kn5p5xk6fe93sccfv2p,142
stars1z9r97htdqtgnulcuxenxfdt6hhv7twj67t2fvv,143
stars1f3cqss2xwav7wxu993cfj4lldtvqs33lwudlqs,144
stars1s8g7dgcp8p58mmam5ql2l0xws54244g34g6ga7,145
stars1s8g7dgcp8p58mmam5ql2l0xws54244g34g6ga7,146
stars1s8g7dgcp8p58mmam5ql2l0xws54244g34g6ga7,147
stars1s8g7dgcp8p58mmam5ql2l0xws54244g34g6ga7,148
stars1lhhw23aljdf92zkk5ez8ma9kvzygjyxyhnmcsp,149
stars14284ehke0fldhcam23pq2zgfxdru9gyv5u7t3a,150
stars1zg453l326xgrk5nm2prru4teqkym8zc9a7swjp,151
stars1qyfhmkmphr9vsfjgrgvch65vklec3k5ycv7g7l,152
stars1d7qzele2ssqmg034na2gvgghxg5fxa0waewfgh,153
stars1d7qzele2ssqmg034na2gvgghxg5fxa0waewfgh,154
stars1d7qzele2ssqmg034na2gvgghxg5fxa0waewfgh,155
stars1jjlltckj572cdscmhl5wg0dwprvn3ax93qa0r5,156
stars1228wng0vsu6afsn4f0hv6xchkfefcj7m9vgfkh,157
stars103verdnv4pzztty50ua7gs5gj25l2gwud4yz2f,158
stars1rafqlhkvz38d9jhzkxumr78nfg8gyce4w5r2kr,159
stars1f3cqss2xwav7wxu993cfj4lldtvqs33lwudlqs,160
stars14wv69kzef4lc09p39tn4hpzwu5x8tvdwnvlnrl,161
stars1a54h7el7rgjhn6tj3sq2mtwk77gy2rdwp2ncgr,162
stars1eesytf0kvrglzjzl4qgw3fdck8khfgrutkcqp8,163
stars1f3cqss2xwav7wxu993cfj4lldtvqs33lwudlqs,164
stars1f3cqss2xwav7wxu993cfj4lldtvqs33lwudlqs,165
stars1vce8nxgqdd02hkk63mzh6v7dhk3grputu5q2yl,166
stars1p6efrndeh3szgzdn2jd8axxqq9gvzfgy89lt0c,167
stars1f3cqss2xwav7wxu993cfj4lldtvqs33lwudlqs,168
stars1f3cqss2xwav7wxu993cfj4lldtvqs33lwudlqs,169
stars1j70r8ptd5th7z96q6ys7sydurzpcenlxy6h2m2,170
stars14jayw662dsn2u050lmhpysqu64dz02cvv65nc2,171
stars14ek8x7prpmrqhvvysumqzhapl32ku7erru7vcn,172
stars1w4w90k9cvmn7vk79xrks27fkhg654d7hvf2yje,173
stars1hwuvhvgpga8n7p3tdfductq23aegnge7uvfx9w,174
stars14v5fss4s27z6kd53m0x4j7yffahl8hv08vqlne,175
stars14v5fss4s27z6kd53m0x4j7yffahl8hv08vqlne,176
stars14v5fss4s27z6kd53m0x4j7yffahl8hv08vqlne,177
stars14v5fss4s27z6kd53m0x4j7yffahl8hv08vqlne,178
stars14v5fss4s27z6kd53m0x4j7yffahl8hv08vqlne,179
stars14v5fss4s27z6kd53m0x4j7yffahl8hv08vqlne,180
stars14v5fss4s27z6kd53m0x4j7yffahl8hv08vqlne,181
stars14v5fss4s27z6kd53m0x4j7yffahl8hv08vqlne,182
stars14v5fss4s27z6kd53m0x4j7yffahl8hv08vqlne,183
stars14v5fss4s27z6kd53m0x4j7yffahl8hv08vqlne,184
stars1q9kkh0wj56mckpu0m2skfkws8leeg2du7zta36,185
stars19e3pyu53c0c65zcdnzhd4t680pnp3m3myngv7v,186
stars183sqv5w0dut265x397j7srgqcyu0dg0tqd44sh,187
stars1f3cqss2xwav7wxu993cfj4lldtvqs33lwudlqs,188
stars1zy8h876v28xpjjrzaepgyczx844ml83kdczjzh,189
stars1w49f9ydmqfvpsclgkla97acm3n993jsmcw0gqa,190
stars1d3fu8pyz7adyr44fv3f920rr4ym60r9qmx6fm3,191
stars1qw8kfr4357mne6vghwgf7u3f4wu9859e204j7a,192
stars1mpg8nc7ymz5n9puvnlp86ss2ytnc3ck6rxz6m3,193
stars107duet5hlzg48v8vxv6uq9k56rgua28f20ru2n,194
stars1t96ly85fpejmmglw0q0lrvlg34g9nyhc0zspx4,195
stars1tmv6k8a84q0yuzhav3dc5zu5qw95selzcney0l,196
stars1dnl83rxxgg29d7zgwam9sldnr6chtftdvdcvq0,197
stars1ykh0uv0rqcnv3cdajqlr2ftrjx4f47dhm7g8sp,198
stars1ykh0uv0rqcnv3cdajqlr2ftrjx4f47dhm7g8sp,199
stars1ykh0uv0rqcnv3cdajqlr2ftrjx4f47dhm7g8sp,200
stars1qyfhmkmphr9vsfjgrgvch65vklec3k5ycv7g7l,201
stars1qyfhmkmphr9vsfjgrgvch65vklec3k5ycv7g7l,202
stars1wvgwyvqh7gwus8m684jhdhzs85fgtvj26tm8dg,203
stars186s67rrjqctmzzwkysxf2jd87pzsrqvkzhap2q,204
stars1qwjzpda94a5ewa5r5ky6p8reffzu5dmud6eys8,205
stars19k3l0z5txzv2w3kr28lhs49dfd65sv63kjfjzu,206
stars1ctq6esla3d299l3768g8329uxghpry2mkxfjka,207
stars1jzt962czzt3ruwsapec9fzmrm7kcj442vjk36c,208
stars1wmsttd7xm03fwthpaulllumgyhqquf3c43nujt,209
stars1azes8zlagztlwps95mplm39vwpld08d45ejsww,210
stars1azes8zlagztlwps95mplm39vwpld08d45ejsww,211
stars1255kd9glzk68ltavvya72m9fz03wte5p83mrqy,212
stars1ux2cshgv2g8a0lu9c4gepcgmqx025yuyy0hx03,213
stars1hzqwj0fj2fjf5wgtwfr6suy07xfud3ksdr5mqh,214
stars1hzqwj0fj2fjf5wgtwfr6suy07xfud3ksdr5mqh,215
stars103verdnv4pzztty50ua7gs5gj25l2gwud4yz2f,216
stars1d7qzele2ssqmg034na2gvgghxg5fxa0waewfgh,217
stars1awfqa6xjgzcfe9w5aaaz7trjcpvd92fjlyzavx,218
stars1mw6l2gd2l0jt8phz7yz5l7vyfl4h2qpkcvfc7f,219
stars103verdnv4pzztty50ua7gs5gj25l2gwud4yz2f,220
stars1d7qzele2ssqmg034na2gvgghxg5fxa0waewfgh,221
stars1d7qzele2ssqmg034na2gvgghxg5fxa0waewfgh,222
