stars1v93edk9h85m55gfz7tt444huukahxka3ksyln67x9una7yaq9asstfjvgp,304
stars1ep6lw8v0ws6u4f26387zshhyaqg0e0em52xwqy,196
stars1xuwl7x8htyl26t7pe3l0x6auj3j9jwd2k26qx5,81
stars1wryt0g4g7h8eldzankzpx55kraljjepxs9hguc,52
stars1dnl83rxxgg29d7zgwam9sldnr6chtftdvdcvq0,46
stars17yj3qgdsrqxknxs3xmnvs5lztphpp7cemmwu37,41
stars1cze8kz2rfkn9hlsh9d78j72rv7na0m33g0sn9n,40
stars1s46jmv3c05usk6yk50tyy8axc4t9rglrvdky2u,30
stars1m74zj2duq6aqunjz4syec6wtquxygrkpe6dfnc,26
stars1l6hjrvgvhpe8uk9txmmyk6z66yer9lvm7p2t7g,25
stars1ez7qp9l6h45aesg8hcupzhndu4guxyh49zkxkn,25
stars19g8m2nnrkmzmnand4xj3knz3vstntckl5k7tyt,25
stars1y3r8zfw5dmgxjeu30j2vlg6qzueqdmtfd5d2nv,25
stars1qvjn06udh4vsgfyh7mgep4yjllfs2mqqaqvq8n,25
stars1m5dvqzr6zr5dfurzjpgt7kpspjf33qanj4kuyf,25
stars1tr2glw6u98kvrd5ulmslzdwvkgg6r23qlrf9h6,22
stars1s0xxlfqafdxcf22hhnqudwatwmsv3z3ccnzjfn,21
stars199nhjadlzff79fdxwyqj5ul8nqsv0zyec86wyz,20
stars13959x7zm49jaeyrfeltjkwz8adu8p0r0mhzhha,20
stars1gdw2v7cuqdm2pyzcc882cmqflhe952tcwhze93,20
stars1dd7s79l4aghwssrnqagryj8ud38qmd9vm0kyx0,20
stars10a057tgwsrvz928hf7y4hakxllvv4ej780eslf,17
stars1accd93r8rqtffzqwlfpatmzgx8vqvt7a7hlm8n,16
stars1sr36sm855wr0n4spspaknae7c64rdn09f0snd5,16
stars1t57tfp3ykhpf87ejaf5mwkn209vmhz9rgh2934,16
stars1azm58aqs4enp09ndema9ufu8jph77rqv4tpum2,15
stars1vpucujad8dvegpxv2dlwnfmesy35jh7l2w9alt,15
stars15tt9u89emna9cfmp29kwxnfqem8n6q7s8yqgd5,15
stars1w6dpa2l2fc3v2rc9dpuhqg4lt6ykvlqg5np6ps,13
stars1m7fp3yd2r5h2u4uu02m6nstceranss8vws75t9,13
stars12kct4cfuwh7vevec7c4y9slmee949qrjp5ds2x,12
stars1r0a8ygvnjfaegy4n5z9325e0ew9uy2s7rn4vt7qf4ltv49fj4tnsk6pvtv,12
stars1pmc49t7wweeddnhnnyj7dhttld79rg5jh3tgmr,11
stars16hhzpk0tlwm4u67x9nh2rg2gf5y6224368g8fp,11
stars13gd97ke6erejqk2p050xkpc63jhtujres4c5fz,10
stars1v4rjmre83786a32r7ez2p73ce62d0jkeym37fr,10
stars1q4na68qhhhmvjlxqkxf0a83wdfnny3gmvlp7rh,10
stars1zvj8lvanpwud3dzwazhscxh3ztgqlkyytlnk74,10
stars1yn6qzn8psg76lc34s3e88huk3h02n2q3v5jeva,10
stars1s520hua0qlektxrrq0ftdrjavdty496uuvvldq,10
stars1cqtx3xsswf0wzmupshetyrkdyy75aqj7j34fzv,10
stars154fvcpg0qesfnegljtpvjamr5azw548mty3tg7,10
stars13eza34729we82rp8w6qztj0et3vnfmcjmcenpk,10
stars14fgf2djrhsx4aykvnwtl98uj6nqvzn0kql8jst,10
stars1cxn4dcx78gft48w6xmmez7k323pshkf8dtnlyd,10
stars1u8ekuya0v4knq380eqf86sduq2u672yd3d97jr,10
stars12naf39e80tk08kakf7wf4jtj9xu9sk9h9k5gnd,10
stars1eeu3pw45d4auj92ymgwlrvzs82dldfqy0zalf4,10
stars13mzcw7ezlgzcgpls7xqxpsg5qqsxvp8je5fehz,10
stars1l72ayh6xpge306s6jwr6l5dflrj35kfkq3ddys,10
stars1uz0nq320mwua033uqkk48ce2gja9ajhky54skd,10
stars1yuj6pwyghvax74sd5z6jkv8042e996xlw754f7,10
stars1z3hhg3ngrl6ld7g5gcr8q3na8lpe5ly8j9lzk7,10
stars138xkmvzadzfg0v935c324c9x242dd7vsg6n6nz,10
stars1v7xyjj2we4udmyyy68hhlv5gtamcut7cj0echc,10
stars10pjj5ye6spe7vgqcph2exm2pcx4m5gv9x3eytg,10
stars1yp793xg5232lgmqcfstgmnd2mra7d5t6z8w7sq,10
stars19a20cj32qx9gl4qytztxk9r4xxxf4ntrk8klju,10
stars1a33rupdh8eyz8spw5rrahvse38uwt8egr28nhe,10
stars1s2y6cdj3htw3pps4u4duktlfkdwke3y6vy33wx,10
stars12s636l3lwpe0lz96nwmzr9zs556lm358298va9,10
stars16xh3j0nk7pgvpm4yngqch05rtk2s86lwlwsnmv,10
stars1ak3nks4gchzcmnsa2gljjs0xwh980rd97pxqf9,10
stars1vmuj5ca7zf6llnzsg4g53qm8qdkhunnrjpv2pn,10
stars12j62407hwegf8lj7yk6t8zzyudkpmmlzkhlyql,10
stars10he942d029gswkvqq57whh3suk5ruj6uyckz0z,9
stars18egzdcgmvzfstuucaexvd9822tnpu7hyk625lc,9
stars1j9drjscm4ma5tuutcs0qhl4lhawrtyqxnszlw2,9
stars1gjej6szndkuaadfsu4u8mhrul6qhyfrqrpdtp8,8
stars1cnzcqss00dv09kpwqmuxkqssevr7u77jwhkmxm,8
stars18gflqgqu4flyv8nsdpzzfjnafv3m9d42hsvev3,8
stars1au342rrkx42rzz32k3tj23e9h76fxqfwjnwcpv,8
stars1v5prcj2fsk23qft97rhhyfjh8wtg35vl3ymu9l,8
stars1nsempd9ljljetpecuyc8m6agh0up8e43jz0gnl,8
stars129z97xu5nrty503gqzs45ac5jp3kdrwhevdv2c,8
stars1nrz6z8nq4lhyym3ns46au5e5yclu538hwctpc5,8
stars1rxw8wng2cn0hkvq3yjc7nrgc7rfdffjael7sax,8
stars12dq9cytc55u24r2raw2puuh8xpcrtvd3qks0ec,8
stars1v6rtnvls93v3tqa5jnwpzr6yd8fup24m64elhs,8
stars1ulq7fsg6kj0yhnzf744l4amn64qrg7u6danuwq,7
stars183sqv5w0dut265x397j7srgqcyu0dg0tqd44sh,7
stars1lj45kfahfsn896dyzge6833hly9qlpe6ur8qzq,7
stars1kkxy20mzkw8w0sp608yxzxm66jxyyxug5qs04u,7
stars1k2syvu9u06xngrn5wnz2lrymtg7t8wg8nk2j6e,6
stars1h5shnh6dnjtalh84cxl04taa2klvkz5f5adl7a,6
stars1n50lj4k8h0aruzyrfvtaltlvq34zhwrexn9lvt,6
stars1xp4nwmsgewgsnukkpc75e6wfvf0g2leqv7nhad,6
stars1sq0vscugf2crapn6z492fl7mrfr449nxtr6rl6,6
stars1c4rmspc03d2xp2kqf2f82yw480jdpsxv84qp0m,6
stars1exw9hzgnehn2ug9h3z05zyjq8vu9r4pz52vyr4,6
stars1e4ktt07t0pqn0q7fukmlqz87nqhan3jgkagvhu,6
stars13t2w6pv5axcrc52ge2x4g8kswynwc96gdctyp7,6
stars15dwqhjf3f0shcgtymvpynrahqcqayucrdr3mdq,6
stars1d7qzele2ssqmg034na2gvgghxg5fxa0waewfgh,6
stars17qrfgsyepv3mk2f29jkvf0y7q0fnyx7dd78l5z,6
stars1pwh69yww9h5dqkjtlfdcs8zqvktzngk5n70e7j,6
stars19r7uc6ze9yqja7mkd7gwnnnqxnlnqy2vzxps98,6
stars13w2x4mgdqefwsqfu2xyv78l3rveq7tfzxyyqfx,6
stars1y6603qh08ttze6vaqr3ucmclq4xxj88xx0xemy,6
stars18h050qrpj8x6dztfv7d7ul0k7pd93ttktzewym,6
stars1k5dwx37dj2fyk7lg72aspdy9x0tyxzyn9uu44m,6
stars1azes8zlagztlwps95mplm39vwpld08d45ejsww,5
stars1sypqufzxkqqmul7g8f8xz0hjfkgsj9qu7mzddq,5
stars1hdsmz2kqftgk2ypa5t62aauvl0y3c2nf7tqh76,5
stars1fpj9l64aqwr2nez07e2aw57rp5pytnukxz9md5,5
stars1rh40h6ljpwzt2f5r67tlph76hq2qcr627wkcsh,5
stars19numsaucpk4z7hrt799yjxetyukx5hzrjwlevq,5
stars1qwjzpda94a5ewa5r5ky6p8reffzu5dmud6eys8,5
stars1340wwpwvp703vrjj48zr2flmw802k2mcask5pa,5
stars192s99ahncgl79axjvng4zupllcqy2rhy05jnar,5
stars1fkqg9qrry2khg02vl3qk0gs4xwwvn2t39t5cme,5
stars1dhee8k6jj0tvmpx3pd72yj5k4y6hmle8hejzuc,5
stars1cvg5dsprer8c7xl0cl966qq0emnjthtwwh4994,5
stars1lucch767n6ykc6n087zxgpxph8xhkrj27nzqk5,5
stars18v40lxl4hs65p0h4nwe9f4a4z2swuuuphfq08t,5
stars1h2ay8awsa26zftfyjdc2f2y00uywfqfl4kf7ua,5
stars1ja86k72hx88v93pryjesh7g4572z5pwgz5uc0s,5
stars1a02gxhfxr49c87secnw98sscps02f29ae89qvt,5
stars1xc4ter7gj3t97780wp8a23ncnv74mhald5927x,5
stars1y293fvpfsjtsr4ftsmg0y25gcjnfadqf9q3vwy,5
stars1gjx46yqqwkvwh3rc8gv3j80hg496ejs9j78060,4
stars19d97guw9swjwruwwg30xgfzu0e0l3kgmk47vcx,4
stars1qvj6xdgtfa3w5n63733wlu4qscenvak03vdcgq,4
stars1n8j9xve22sh5arf2kfdtdde46udztadaru8n9f,4
stars192guner3ahpkfegtptmw2dfxscdqvg3fkanf9n,4
stars1u8kpj6l0h4j8mvl5lw6aag4xcceulqywzwjz9a,4
stars122nsp5l3uuqr36qh29puasqmlrvxpvc8ng3hlc,4
stars1mc8x6etdnnxa95upmw4scccdynzquyajysnvk0,4
stars1ewdttrv2ph7762egx4n2309h3m9r4z9plckjev,4
stars1v72k4jfn2kd098gkgle4e36cetelcya7gv0l3z,4
stars1a0p6r4avzek37crjdnqg99wtjnfd9gymzs74uc,4
stars1zghy77ksv7n3t7d9gd72gay4gwa0rtt53rtkk5,4
stars1vv8jcjhq7ntazp6kq7zw665hl876ku8aetem3t,4
stars1tkgyd0c0pjdxcu6f7z4h8g65whvdcsqhlhwguj,4
stars1f2lqzwx5h08xx75jyqf608cquyj6ajudnncm7f,4
stars1dpsd2xqn63hcfmh2rmeh0e6ke23khg7fnx43qy,4
stars15mc5rdjup9094tyk62hge9y5p0wg7y4ax2m9jz,4
stars1r6uavvun5hretydv266dj60wkmedyeg4nprlg0,4
stars19ajulm47nne9ukcjup8tnuhurh2jxyfevhyaz8,4
stars1x0tuap8wxe403x8e869nwr2kl534afh0t89hzj,4
stars1jw4rllhz2j7qqgm3jkdw9gep7ntufxva8jk4mr,4
stars1uxf8zpr59tpasfpl7eu3v4r64nnaq6d56rf5u0,4
stars1lgu66ly24wz0x95hkhuzny754hfm9pkuy8nttm,4
stars12vkt5pulvyqqynmvd5jdrl46ll04w5j74pkuv2,4
stars1x3c5ehhfv3l47qryld4aet56x3adtsdmmr2t89,4
stars1xug46uep68c3g6nx5dt8m3jvxvfdenrkzw9dm8,4
stars1xxgzmdh8fp2fnkkeapvatmnffuznezpx9r4jwx,4
stars16rmwfmxhc5swrr0s2qm9kq2egan2z9ny4pfgyh,4
stars1kjvkkyharafy6rxwu9sy9sas2kr5zl3mg5y562,4
stars1h89u7jnn998k8k3u3ug7gxtzk45ep7297j5c20,4
stars1ldyrv5nynqnwjknqmklmcnq95utqpz3ru3a9f7,4
stars1uzgnpf4lfkl28mdlkqrtvy990suwnklantvjw3,4
stars156ytspfy2wy8vrsy863hffw6xu8jmgchxm7v5k,4
stars1vtxp94gnpxx3hxnt086eu0g4jm5hslk4awnq9l,4
stars1v0u9rcqpp65rslucp02enkj93tkhj2f8hxfq6c,4
stars18v84wrfggu6qmuevz6fvpun0fzyc83m847dyc3,4
stars13w52a540e3k8p4e349f4uext56lf93q5j4xwkt,4
stars17arh95mp64jms0ss9sflyu8hguu3hqn3p0fk5k,4
stars15tn0mhwv4vvefwj7sfafp73njups2kaya8l9jf,4
stars1c0m4eu9myygmwp4wtpk2kucwztw3m5nhlghhnp,4
stars10wwkvttrscy47349fnzc6un6tckuv6eqz56s60,3
stars1p2xaxefvmprl42g7zvstm787qa6nfstaxjre7g,3
stars1ry4zth04s5kgzg9tf0ru8gs6c9rpryj0dldn5w,3
stars1zpwad83p53gg3nh08657udqgfadpxavxqpv6jq,3
stars12xuz204q2n3ulpx5px40a5z0uchqglny4ek9eg,3
stars1scnj4u5jdpswrlrygphevrq3jnfg2957mhpwva,3
stars1kdze9r6y8jx9ljjxrn3lzslwcw8vpx7pj6wg2h,3
stars1cs0ysv4l5rk6h3tayrza4x9lphk8dpjv87xce8,3
stars1mg5jgtqrd4jfm3rw39j5r5ttaee0cw4ytmmynn,3
stars1d638gncyvhsx9zqg8y9hsaz8tge8vune5lvtsv,3
stars1qlljvx0ggg0qmg3ffz4f3hd0tsd259n4x3pk04,3
stars167ucsyj55sxh3vfsa000qs27vddepl0y5qsrlc,3
stars1kz22980et2kqkhek3gxywgqdpmgz5xvyupg27n,3
stars1zz9nyws26qgm4ft3n3fhs0g4l9arxl0xnn9869,3
stars1g0s6whk02edf50rpxl9d2yju7x7y9spldq9vk7,3
stars1jdn2g54su0dkfkynjzv4eyj7vk7v28wtuglst3t0srkchpultklsfh2qhh,3
stars1t0tu0vch5k6v3pcw3ua9zlme75ktzl927rll8n,3
stars1g3texkevascaq9fdn2y8m74ecpladfpw7w7f45,3
stars1yjh55mu7j58s8z9p604ltjefg36nls29dugxud,3
stars1ujv2gmfwrwzj504ntggqld0q5euafp76rzxtk6,3
stars1ttwqxg65lqd2ak968enjmfz6fm4c7gyp76yxyh,3
stars1j4mxru7pv4kgg4qqauh8nmr0mt86zd5nj3ffaw,3
stars1wphgcs36rtv32ul6umhkgudrxuqcqxcgafa2e2,3
stars13uhl4tp3flplqpfnwjhz45req2wj2fjzpdnjla,3
stars1jtzmwppdadmyhv6j68dujwghrp8gkr8skt4jyj,3
stars1ju9gr0kv33h8ca54j7vxa6k89mj93lflmhmt5m,2
stars1fypmfnq0v6fmvl3fe9czcrh6e7dytngj9l8jnt,2
stars16ue5yeceq9spa2w70xxpc2h6z3h0sxpnnqzq2g,2
stars1ttattahf44pdx9utx6zhlqsjm3hm6ql96t8vq9,2
stars15zt6l9jfeuajw6xhkef3vrtdsc43sfcwzz9nd9,2
stars1z5x07m62laz6thm8quanqgvg42gz99s833eaqw,2
stars1c3rygtuazs0808m89k4zg048q5c7evstdaqedk,2
stars1gafy9cqlmac7el63dszeqve39nn5muyl4x49al,2
stars1da8muawzaf404rnz5huqggeuykmfnhu2mtxt7n,2
stars1yp3r0rz9cj8pac2sd2dhryxgahrxd4qdqsvxlz,2
stars17yrl86ehlhuzx2legtfuur7x2wnzvdchw0yg5u,2
stars1l3mpqnynf4qh4rtmqt8mpf8p9qqcm2dwgex56t,2
stars143qe84388h22rwtc7kp7pduf8c8zw7qsnykyjw,2
stars1gym8xffd5msakjeqdtzd5f70lpxp2aj09swrh6,2
stars1zw3xlh7v5fj6nr6mnsjuu2z3hv6wjqskj0k5t4,2
stars1sfc34ujkys84eeqmegm7lle955y3edyt5gf4x3,2
stars16z2sp3f3sh55zfed4d3v2umjacmrvaaexqjtv9,2
stars1kytdh2ea5uutr02s0xmwvpu76gv3fejdlqtmhl,2
stars1une72km0f89v3jche3je8k9c6wdg903mar3q7r,2
stars13a3gql0mw0x7sceuxpcj6y3khyycwcflrk4d8k,2
stars1gyn4xvewtzf4nv6em6fjuacz24amv6w85mxwpu,2
stars10hvz04hh92xzct5hxnpsn5h2fp3p4ammgtt494,2
stars1rxjexeyatklex2ltlfclgrjl96q0n9jqmcv5um,2
stars1rf5hprmts0h50ww7mktkly9pw9sdkyt6fqrp58,2
stars1p4wxarept0vhet0zyh4em7yjclql8c7j8r0fsn,2
stars1xaxs6yxfh7hrnyry04r6nd973w5p39xk5u320p,2
stars1xx4j7j5y8cv5a6ewhtcmu5ldaqhrsjgp84y9t7,2
stars19ht4s2zpd36dzh730vqseayet7sq8nfxzqsvyj,2
stars1vqyw6yhg9ses80s4dct8kmh6jm4c3f4ka5n77v,2
stars1vhutjuta29z78hkmft7mdruu5f997msf36elqn,2
stars10h8qcursghmc94h3fgm0edyjrptupuzgl3qhtw,2
stars149saauy7w66an2t9rsfv4we5dv254ml7ksdxff,2
stars1nw4k90ys6tkye2lphmmgqtrhedw9uzxx5plq8f,2
stars1jq40cd2g7q7dv6hqdl3c8c6zlz807uagd93zcs,2
stars18kxxeva7yne424ml4sxkq273h5cmzzgxd077gf,2
stars1x5hauuff6juelwrnfdgujadqgy4g3j8yuugvgp,2
stars128lrda9s0fl9e4hex2n2ut5v6vc769vz8pvn56,2
stars1jds98a8qcvhvnd8anguj0xnqgyawzh66z0504k,2
stars1qaqzsyua59mx8vw6xzrnw6wftdp57rev9h7m5v,2
stars1d954yx8n2plwvmqulya3tu00rygslwyqk73p7y,2
stars1qv3at230lvgjfjqstyswfn3nkrayu5s3zzxfku,2
stars1ezj0j6y8k6sv54cgg7dtdpnx2vgk28555uvkak,2
stars1yxcnuhgcwj4zva5a32zkkj5r3z6xds4dgrdrgj,2
stars1xvunup2m747gu6yr5qpmpehal5tr654cc0t43r,2
stars1vgqgdk7lyqz4qzt7lmfmm4eacf44uvt7lu8g9j,2
stars1c83v8ce4px0skkq76x3tcls3kmqrkcu9r39xrh,2
stars1smrlapzwyv23cvna6s7jkwnenvcvcwncxdh8we,2
stars1xt2zcdhdf02jx5csak4t25lygfn4rwg7r2z2rz,2
stars1spka087gv03vw3kfavlhd2kh4ur5hak0u2f98k,2
stars1rdyrw9fdfqae3htezmuny0g7xm0jflhmk46c04,2
stars15t0wpccnj3qfkg6y9kyandu9pj7f2z9uc2j2m3,2
stars1sfnf5df0nrw0gzsvyrm92hlh5nmf89970t50yu,2
stars1w2t2ut3yd6m68q7lejfqkkjhtm9zjdd53xnt7g,2
stars148ncfd3ymxcrqu034rdehpprguz65cfwstduar,2
stars16l23kgv9xz6rhnp0jcu8ya3fxsthhqcz5fdkac,2
stars1l9gy8cn0nzz5rp86xmdmn7rcq6w8vw9umcujgm,2
stars1he3ln3rg9e3utpm0n392n4sc6z3g36egg2nh6h,2
stars19hmh5dgd334n2xz520q30w5r3jkm2sfa4pwhtx,2
stars1uzlkcqs7ymrfwhzgg3xnjnekr7x39vewct2krw,2
stars12pc8dyq4a5td8xhtg33pau4830rg8dm4r7ymg8,2
stars1j56lthncdwnhh4ezpft2ffq3hp2r80m4m4e9lh,2
stars1w4gwdd5dxszkat9vk7qv6egmmj6jgrre0mfymj,2
stars1c62c45ek60dwp9vadjj35fzlwe4pnhpmtj7ade,2
stars1h0ey2vwukkjkc5hps5hmd4j6uqxvjf0scddnm5,2
stars1f7m8wflhlsum22jlkvp75tg20k049dvcplsveh,2
stars1ljk4h3m5ypmsyumudfyh5fvfcdhvfq6lmpsucf,2
stars1wct9zxhr85jlzeajfecfjq7ehfqz43tqpdsjgp,2
stars1eschdzuul25kw6n5r5egdcgn4aefqhc5wqkfmc,2
stars13293xuzergyea8a4evfl3y7m5pmam96qku7ntv,2
stars18s42n3gczh62f06d6klam6k6wyygxslg68wfmv,2
stars1saydwceg96kd4pl2qdv0009pcktlgrm5a5lata,2
stars1alyc4870eng3carwv02htuavjv9q8pgqa9petl,2
stars1a34s0xaru7p97vhwy2qgjcgqsfm70dlen85dpr,2
stars150n9yyjauuvgzhg0w6p7wku7847rc2vc5vq36d,2
stars177sp38s2zg7srdsgknnwucp8pyf2pgpv7dl5jm,2
stars1zrwpux76j7r3ts2r95gtqrf2j22w9v75qehj9w,2
stars1z0wecufhql8smnxdar2jnapfjc8qdt34uz7p65,2
stars1twwucj7h3kafyyqhd7gfrhr3c6kyp8v3ce9swg,2
stars1kx56etutnxq97w6lxtqcl5hwhvetsrce5x9lr6,2
stars14ume9hru7ggfsgg560exxf8tyk4hvg7q8u3vy2,2
stars1slt48wlwue5gwym6njyx6p2c5y5fkjggr9tamc,2
stars150j02md2xzh438kyw6mxum6lr7wjup392epka7,2
stars1nevrswxvenflzlqymn54n3nxvc4ug23qec6wvz,2
stars1znhun4nj507var8um6ep45tv3qpxy0sftd7vwg,2
stars1kfzatfyj3h8zfwaajgjkpn0yr3danyj2mz3qea,2
stars1k4amhzqwg9690tmve0m0ekr400uvd4x2pph9vs,2
stars1e0zm9l8dz9z94xskvd7wgmv0e8qst6708v2x8f,2
stars1264kuu3yy2frmun6dvkuqky7cwyh3lsg9za7a8,2
stars1ct3wt5zvvj5wuarckvc83cge7yma9cvx3j5d07,2
stars1luhhcmvvmwxy58pmgchdmuw3789stc4ssvx5nt,2
stars1uet4jzkucw5c80dmugjcr3ly468fx8r7hz8x4f,2
stars1cyfdz8csv4pdw5esk2u448p0z7np0m5m2tfnae,2
stars1n3mhyp9fvcmuu8l0q8qvjy07x0rql8q4tp6zp5,2
stars1z3p5gkh62r0nhfu69w2l9064chkw52yeakh37r,2
stars19qguxc8w3gm0gykscq8dsndcv70ml9ca5duehs,2
stars1tnyrxmdk6jtw8vqsq74z8t8y562mgcf79fzhvy,2
stars13m5zgc76u5hjscyxjgcn9smm6ywnk6gwazw3pg,2
stars13pdntnznmpvz3dv209vm6evw7gnar5dk4ux2v6,2
stars1swkpnruvzkrv7dm2psz4r5a6k6pvdxxy3hwkgt,2
stars1h34nq0pvqwsd7a6z24mu9j2444s5gslnn5vxs7,2
stars1m3yl67vexemvlkwfshy9szyv9ppkz96z40rf0g,2
stars1uaux0dl3gh40y9czng2eqn2d52uu8afvylv8u7,2
stars124qlkstmu8vehfy5nku7r3wp2qpg76tkmmxr4w,2
stars1c7l3lvqp53fdg4ux8yvemsf540s044ne29gwk4,2
stars17j9rqfx0de7uzdv40z3eg5d9d6yf2se9js2sjp,2
stars1r4cgk4sgugjd720hvexdmvtt6v5msq537ydgf0,2
stars1gcfh5h0w52pyyy2x32myrj5eg67fxhvwcn4y9e,2
stars1ynmm48zlktuxh99y6mpfk8clun4wu8wu4vxp3f,2
stars18pf09c2smpjlzjy5pphkfsjq6hz4cw0kvhfgnc,2
stars198l82j0nla6zkefeqr8t8yd6a0jn60dkgqs70c,2
stars16y7487ju2keqvctr8ugu38mnap4qwmurhu2f9d,2
stars1umvsh7y8djmtartql3dwsun9h8gq5ddx5h54wp,2
stars1nmlw8g8ds8wshlqtpmdp4wpzj9mcd84p7afep8,2
stars10rx4suuy4qy7dx4wl4x7kwvsv6f5y6a3ua59q0,2
stars1drq2x2ckul7mnegdp6rz3qn97sndryr2jx9fdj,2
stars1r0a6pwt3gvlzlfjndmrdsxq9qpycj9zzm2qy35,2
stars15dvxsahgum9kzkzj4dwtqmnxmjvneavxuxjw8e,2
stars1qspp6p78jqcpnsfdmw87cpkl2umwfwgl88mgj3,2
stars1gg7n4ctrverxr0fghqwd6s9lnr79l4uqhj0q0h,2
stars10q8z93hgpnl4h0fxjye58erz4gp66v3q9t7zdy,2
stars1809ypcgqpe3g4aywpfwrzwscj5cu9jmc055rh5,2
stars18vetztf98vj9wfp6wvqat9rwr3um6mk04zhhqx,2
stars1r0dlqdr3jqvx7sx96l65wy5mjur8h5khp3kd5v,2
stars1wnzsc3f8ugd7cn0n3yctn2337dyz7hhtlkgqs8,2
stars17pe4wffe5n094v9xm3v0jyvj38z3rzuss30lex,2
stars1gtzazqzhg3sczpwtft23x4r46d4zlxnf20wu7g,2
stars17nun6cg7a5xtu9fz2p8scxr7u9jmrf5vcg5rua,2
stars1kw6mw70wafdxgp2n8s4lscx04du8ka6df2ehrc,2
stars1jt60zstfww6520jhzhzknw8k940jeffh6fxty2,2
stars1tzfjhqfjj7af8g2ejdtan3l7qvfqyh70gfux78,2
stars1xfqsnwe2u9a3zs0yyy4lxjlcee6h8nj3yy9xag,2
stars1xfy6y4pcprl0pupcyjn0sh4jnsuyldv50mztz0,2
stars1humgyaek6fqv76dkfj3em6r2a9kpzv0ceecth7,2
stars1zm2kalaczqtgreglhg6undxsjrnvca0j2s5rvu,2
stars1yudlmrx6eutsqk89c79z08kapzmxwr59at0u3f,2
stars10zr5rvwjghe97unzjg7uzgm8rpym9e2tq5uaze,2
stars106p6jrlph7v68hnvmgpvhqwq2c25l3nv7n6dvn,2
stars1993c9hwmlhmtcd20p2hm43lte7k88ya4zp03xp,2
stars1ceyla7reukgd80hzwcyuxj9nkac59u7hc5vq7a,2
stars1t2gl4lkevx4jxm4p6g5d3vc0h0j872jgus2ys9,2
stars1kwuwr5tp5j3tjv9wyxpwyk0z8ntctmakean33k,2
stars1gd3y373t24lxaauqphlzajanmpxheuvlyutxyz,2
stars14nresdarfv60c2l3mqrlw3tyu5husst0zrqvz0,2
stars1emqzfcz5hezpg3z6ueqkptadpyx5qfujuxhc4x,2
stars1s2fkzh4klypl24z4z079jtg5faqxzakl3xfkw6,2
stars15r6qp5xx6l6wkt5nnadxm4qvmu66xnrw2t7sp6,2
stars1zpewufa0kyrfh37menttyraft3j3vzfyrnsrez,2
stars15n6aq5yjur2uvz5cc0jl75u35almgsv90462p7,2
stars1yp6xqp5avdhgah9nk6vaam9mw7yflyv43gqa3y,2
stars1ezksp7a9pl7jgwy6ee0gvdwp4s986pwwfga3fs,2
stars1rac8jamqmje2vkjenl56z00nrxc3vc5hgssa64,2
stars1v0eh45s9kc5zwx5je3zyskadtqmpk7j9jqm58j,2
stars1ac5ud2f5czegsrgax4vp7th943lzfkv292vla5,2
stars14eaylprxd5gz6dgxymc3uhnvass029es63pclk,2
stars1yc4tulhndy4de55p5kkwza7sg5gpsz7yn6hra8,2
stars1zr76txfh4ey7c7ul9chl0zqln4fmx0pde64r7p,2
stars1tvdl4e9lka08ngpwhywt3x2zlm3m68t3fxq6dp,2
stars1c4cmz96r8u5cecky0wqnrp5hwf6y5vqga80y8v,2
stars1ve84qzcpra0l6hzdzr9k29j3yg6kjwuppzevc4,2
stars1z58sn3fwldevydpgw3g4gshh8p8caypf2hy39q,2
stars1s7a943da47ssn83qk8947x420l2muh5zg4ugp2,2
stars1gxk9m3mvdhfeskteu985nkcgc37emrkchetek0,2
stars1w6y6z70jwnnqh3w6z9urfykq95xrtcdhdake2s,2
stars1p6c63p06fqtlj2t3vzv83ajt8e6xlv7g36tm7p,2
stars17drl3u8mxy8nyz5fcrudnf5cjagst7kv0kafdv,2
stars10lnxkvncgdxqv8z8aee9pvyf9h8ddcmlzfzg0g,2
stars132xn2fssvl3l86f8hj3n9tx8swquxxy2hagfkp,2
stars16z33e4fclyqxy5d8wct74v60vda40m84eyy577,2
stars1uqvwhls7hmv0z0tkd0pffm8255lfpfj5snx4vw,2
stars1qyfhmkmphr9vsfjgrgvch65vklec3k5ycv7g7l,2
stars19r5ws598vfahxqffjdngtspnwvwyrspyy7e79z,2
stars13sz5kj82snyeagk6vlulndrp5lwkdw5y2qym8d,2
stars1wmsttd7xm03fwthpaulllumgyhqquf3c43nujt,2
stars1zmfapnr63er6843mran7tqmhuvwzz7j58q4egc,2
stars1rpsxl2ma4dhrye846tmt0a97uuhne5xy434jjx,2
stars15qnf6turgmunhkvxrx0skvgw3apcwdp8at8d89,2
stars1yd5433g0jelr250anmlan6f7aykakjzlj2xy7k,2
stars19uvp3vck46nzk46lufhcc2mkunx33xlye77ftp,2
stars1fe9d7k5e8axa7uxtfa4smpz4ng58wjqjszrs95,2
stars1vujuzzps6m5tcjc5r84yum5gh9g5vys3nv4fkq,2
stars1chuypv3jfnk4km8shdpm550k58f4ya9veyt2wp,2
stars12yh22wkt6f02mqt05ttl6etw9smdtgteqdr8hz,2
stars1wug67a9qkf8f6succ6dwf4mktx2s0c55jh6tct,2
stars1furkjfjyhsrx4zht4ps6f0r95uj4aevwxsxt9u,2
stars123r7mnlg2c46nsltvd0vdfxukjrc8mwukl0zhk,2
stars16rvrnqsdckr8zdvd5gngjvy75kve24z5gn0g7q,2
stars1erucnq2xcwc7zn4ey7nhr959glyhdl3xgz5600,2
stars1cffqlxsq87myua4mxunv47jz65ly8mak4x533n,2
stars1r2ullmtu3nwxxt3fmt6kyq6zq3k2cqyx2cddc8,2
stars1dsv2k7n8sm9ghtlztc7q2memh85lwst2dqudt4,2
stars10ealz8l4pn0qeumpe6ms2p4a0k8tjq723nh4vt,2
stars1tym288c48szfqcerrp57cvg3xl9ka5uuh2jay5,2
stars1569v07amayauqxmq9e6lt6aw94k2pn4p0e8pzm,2
stars132pa2qn0e4cs4h7wrq268pg9rjks8q26aj3c40,2
stars1y0xvnf9yars5l3lkvpknsqu4a0ympvknw3n62k,2
stars18qxaj29d6wwx8nmltfqqfls5exynqrkgeukmfn,2
stars15ycd06qh0fu2vs6k8ynsvhdxs5r3a2zmksak5u,2
stars1ffzfm7m8lutgqg265mvuymuqxhyjlzycvgjgpw,2
stars1jdap79kdfa75ep376060sfaazrmsk9fg0dv4tm,2
stars1elclpa4cpu3tshp9sd2r5v5gjnm6sn58g9vxw9,2
stars1x5mllhxmkfge78yhjc3qamsvhnpe267k064wnf,2
stars1x449770vxvnqtpzdghgl2a2qvtjf09zlh0un6x,2
stars19rw4ls0ga6dfffz3w9qrch2lz6uxsckm0l4zn3,2
stars167x86wtm089su58a0sjg4cg4sumhqyktyqu7hh,2
stars1gjseuuy7tvsdtffcz363p370mpzdm7pq0smpjj,2
stars1nvpgw27cn6xpj90xqmwgpdpluj0hyy9xpfrsqc,2
stars1lk60fjjxz2jylmmgd3hkmsy4dry7wjkqqzxaed,2
stars1ef97akcf2k2mjh68dwy4nmtzqge8gw5jxgwsft,2
stars166z7xyph4kfr8fwzzt4ljt2pyy6ql9tpcv9sp5,2
stars1plux8rftal999lllaf89r6dlg6wa2qtrmgm5l2,2
stars1zsd3de2k33hssfka49x84l7fa9gz2qmttftvpa,2
stars1qdqgnhgv8054wqe2g4w7xkffahw0h5p3vrftgj,2
stars1lr6r4lx752zkmcntfw4vzw3d2n63kh9rq77sqm,2
stars13lm3r8gary7c52ks30p5e50haym9mxf29es4g6,2
stars1hrrz2psyv0zskdcp5h8fe32xwyzqyr35xrkk4w,2
stars1r6yprd6r5wlutj446sgjzhedv094yzz6azsl8z,2
stars1ldfdv0l96lgdu26p0xmlaccuq88yty695kjlhs,2
stars13dysgqft5q2q7a0t0skh4kxe5q4uxpvyzrd3zc,2
stars1xp0qs6pkay2jssu58p8eap0epdhwx5mqrs5c3a,2
stars19pnlpv79e4l8z07tm5jdxa4hrdnug2vq9k7t8y,1
stars1w5jcyzsvx9ucdx6wlqqlzcjdjgkdckyhgunccv,1
stars194px257lyndy5sldjkqqr2evxljd9yment6hak,1
stars1ekzawkkedhnlmxqcsp87aye5ne796jr45rhevv,1
stars1c4qn7sl8ffeyql3qug4f9vrvdvt7asjwgxx2pp,1
stars19fw5049pxg8cc9t7jea4s7hlqlqf92way89zac,1
stars1jh3tnya367peyrnkz0ykhd47vyz0sju4jh4lez,1
stars1ss83q9k9g6ld9qtgt43n7nt95lxxpcpmuh8asq,1
stars1ly38fk2zwmheaswytj4re32z97jg6saarcqxed,1
stars1850rdjq4sf488sad4qsj64sj2s8h53z0dthyah,1
stars162apww0s9uvjjk5n27ny279m485ssrkgh6kqmu,1
stars1hzvzvzum0kqc2g53uq5tfwlyaxs4lmfhm5ms3w,1
stars1edgslduhd2wpaanlh6gt7z7slzcs7tnr905usn,1
stars1fgr76ekyluwgytsjdf4s886dy8aeu992kxd9yv,1
stars1y6p7jgsr63gm62lxj730j6vdd3ushgyp9udac6,1
stars1s8zk0vfjugymczm7tcyxsmd6j2kzpflvd4vujc,1
stars1h699jy43htdesrdtdqjlyj9t5c3dkv3gkprl2j,1
stars18km2q4dndvukf0pjluq5t2rxyrpje2juqhynlz,1
stars1uznr6lmlyx66er4dvw54c7e25pyr0qg38hp68h,1
stars1yl7pw974pes8xews3uslc2hg05t0hghqu7epav,1
stars179y69yj293rwj620e9gytsjlcr0ycgvytsrfka,1
stars1t824stf0rwudys98afgdjykmucfkzdalkt6h6f,1
stars1tggs9quzh9lt4era8smlu2mwf2hcpf95eg590a,1
stars1rdek2sahgjr0cs8e8u5t70nhh0mgqwr300t0el,1
stars1snl262k9muw37v5zvnf9n4jjldvw2twgjrfdz5,1
stars10a29hu7chl55ar4wsyjueqxc7smudpvrjlh53k,1
stars12p972797pr7ndtfe2p2rwymny5uesjxyem3f88,1
stars14hetr0vtd8q4xvaqr0f5ztw4xk6muehzzj90lm,1
stars1m08hgtqja0z9a8pxcekh9277xynf8vxr8rpckg,1
stars1nyw4lyw0qk6yccs9z58mhw8mu5tuxtu3h60zsm,1
stars1gseh9xxgtx09m99lk3s9vxzqnhtp5dhed53sgd,1
stars1me7t9rtm73vqe6gunzss7s0asw7wlyc4kxtqtk,1
stars1xlja5glf867hgx9vdgellar5ahljf5hnpzr8k5,1
stars1xxcggtdwg8lggjtkagw9rf4y6lhmc6d3h4ffva,1
stars173tsh3rnkc7q7j7a5ggl57dpj6lj5zmlgkgtpn,1
stars1rxakrn8x4gwc6wcrpttpz8htjfu43nswn7363l,1
stars1ke55z7catvdvnhvyyh0pkvs30t09me72wkjsme,1
stars154qggy89597vszvypep78ws0t6n284we5rncdd,1
stars1fx8w4ptv2sklkda6ud6gl8qz2ye6hn4tnm79p3,1
stars1ngn9h6hglm69wm22jsvf9fmd9pv0x4pmne3zhl,1
stars1zs9jnpk6h68atvnkkkxn5ss848jepfzprgcjle,1
stars10r3y6fj0ju23m53xxf3c6chwuamznp0xm0uerx,1
stars1g4uakq0m6es6jc4eag7en3g3h7zukc5a036gf2,1
stars1azky7jmaj2rt0et7ha79495tpnt3hdrycpsst3,1
stars1dzdf0wz3aa75nzvw8gy4hhqhzh5m9p7p9j39hn,1
stars17dapxj2lsdyrjyrn5e5c3syguv5ldqr3ldvjyh,1
stars1gevw3t2n7ffy9ddhel2600skw6e8fcta7567dk,1
stars1vrjdd20jz2sk0gsuak57unhgrhqdv8062unawp,1
stars1ukhwlkwpju5vg54csrxfx4ghj7ylkvklnf2fel,1
stars1xd9qpmc8lga96cz5e24lfurx4f3sy22x5gxv7r,1
stars19226qnenk69f9qlmtfkf9nw3ut4f7a54z0hyxr,1
stars1u0rckmt8f4kpm32klm97drxsrcz655w5t36hd4,1
stars14uk9dwujeplqxf9ee7tjk3atca9pkp3en0s4u2,1
stars1jttkyrrlfwdesa7d88tcu544dxh27upv5ah4j6,1
stars1vkad6g92aqtyfyz8uw77ce886h9s2e5q4fpw8r,1
stars1xxzc8awwllqq4waxtej8u8vlyr89lmuyyyjg84,1
stars1aav7k2k8akq5sxgfjlrghrmtg9a5awc7kvr06g,1
stars1kw4gzkqx70053hvkfrenq5u9knpjf0cnt29xdm,1
stars1q94gz86lx6t2nuevglrxf8q2t0uu5tf4fkzzun,1
stars1jvsfudf0jn5t76jtfgpe60cpdujf0edm960xvx,1
stars1ykyk43nxapm48n60ft0sr8ndrg8deu9ps3lztz,1
stars1szcfgdcv203t73ft5msj40qu7pep5gpkkx9alq,1
stars1mp3knpf4yka3dk6fm6h3qprhet26x5exjlpest,1
stars1vmgztyrs8wvat60jf3s8sn0gckymxvl6p37u6u,1
stars1ftkg5ny4xx3skml7xgv4vkqz86xrwvhhswtdh2,1
stars1d27jtvp26d2ul4lwy6th9mqmwxvp68pjrf5c0r,1
stars16mg0qrs0uj9rqefjpde24qvjelxk6sgflylf8x,1
stars1uqaaqkc4jxhxf7qm357qce2xdaljkh07y6j8mn,1
stars19f8yrrcc4pvyhkt20ev8nz7adn543wrsc8p560,1
stars10k4nufsmawv9hx9upqe2xx6hnm60867tytzl9h,1
stars1n00vzmurw5g56r8p70dcdx7wc7l7r82c2mqhs8,1
stars1ddvn525qnecu7mnjh8fyce6vj3lvefhmganluw,1
stars16ah99tpsgg4dlnl9glwzlmd5cfsl50evcssl5a,1
stars13y5vqa8zr8p77e7dmzdx6xzwegnjkmeh3zp2eh,1
stars1kcxrlt7kfks8axkazgtmh35ss2vyaq8q5cg42n,1
stars1fkwtrej7ujy3utyke96vdyhz6gqqhxghzzj29a,1
stars1hv4rlv94dwwsj3z7l6muye6ndmup0htaz63pvz,1
stars1nptkc8kkvgkc6xpy0jf6crylhf50sha6f3wxh6,1
stars1kmyq7tq7a022tnaeqkjf8fd2djspqkr266rhyr,1
stars1tcfusja8ekyxjkmguvfyfm5jl2jl20px0cvfmp,1
stars1hx2gy2qnx7mf32cdc47nvmk2gvcft5s2rertu3,1
stars182yeyjy3cpd8d7tueg3ypxz9qrm3lx8xvwu4s0,1
stars10maww4mrlj23atuckhljzdt3zfwu7040l7la78,1
stars1wxftsh6af8hs97ep6wmm8cvfvk2hvwhmzyj92z,1
stars1qj5gslyh6ntqumhs8757ffntnrxllg32r4s7m7,1
stars1m2gpwpncpf6g5u6z6nltelxmdl5kn77wqdfwg8,1
stars1fzgrznluvwcze0ahg6a4hj8un855d5lxxe5mey,1
stars19e3lcuv452a99pthwapm56uqgj4jwc8757l3wq,1
stars1dcy4edtqk8wpp7kn23tg50lvfvj3dpcq77azwz,1
stars1h8cdwk5c9t5ntejsy5au5x6jkc4nj7fzgteeja,1
stars1ymwgg85shgthy4gsp7qf59jpf0pz4c3r88md38,1
stars1rcavsgpr0xu93elf0ym3me3eyqcsnsu05xudvq,1
stars1rafqlhkvz38d9jhzkxumr78nfg8gyce4w5r2kr,1
stars1mfq9n8ghfxga047m97wuvzp5t8t7ujxrpq95l2,1
stars1uam2s0ah76l58dvckrsncj5plynvysege83jxd,1
stars1wy23gyzww5v4jvlcemt9aw8542cnn96ee6l4mp,1
stars1dqf5rg4kccq558f29qa02wurmcmrapchpxdv2q,1
stars1kj5u6hcxhxhh2gykacx2kg0s0dyh2tt6ckpufz,1
stars1gr2sqfe62mhkqf06cx8tkvl30xm727lntklfk0,1
stars1zrlpgnkh70m37nd6x6kgp4dcvfwtgljmwuf6mj,1
stars1yjpuqyt44u4wshvn00qdkvkflyzu3zqqlfupja,1
stars16vh6tnpa48nd5stqs9y42vsqs5609kpfux582v,1
stars1l0sd4kzakf6z3uz26l8ff0hg08x9etvu0nyr8l,1
stars1upg7kdvfrygwayx4msgaf0we7ckas7nygse9wt,1
stars18u0a2rqm306nd965ehdufxpytxay7ckz2hw2pj,1
stars1k35uzmcdpx05w0vsla2umr02cm99k9kxnk8xej,1
stars19g0l90sxlr64ksjj9qpqz72e8dtvw772fv6dxcvva3rqas6vryzs903x60,1
stars1ylkxraqtthsq0hnn7qyf64fm4npl6dazgw8nw0,1
stars1wujxnvmjc2apf7kwqt6v9e0peeyypfdauzrj8y,1
stars17qzz6ph06tgnf602378ejuy5pxzmmh7npr5ct7,1
stars1tsw98vrs7hssq403xwczaxf472ndylggnck5nj,1
stars1yntny92rqnehm4uaaxls67e2yacdlzw2u8l9yr,1
stars1d9m09ql32wknwft0cdevuvldxms2e85hc79nrh,1
stars1up8pe9zptex7hs4k4z6gu2rz8m54yjm8k0ll6n,1
stars1v85m4sxnndwmswtd8jrz3cd2m8u8eegqdxyluz,1
stars1sy5ynvrrtvcn4l865x7vqjk5fqr8qvrsgyc00j,1
stars1kqjxvmv7l9wk48a6uwugpas43pklt4umnvsh2r,1
stars1pvutu7csykcu6y7ftyfgg8w4fe8qv5mt3n5772,1
stars1vghffyx5hyg963ak0ls9tkueensram9wgf633m,1
stars1yhuk95rraa6ncuwl28nuvmru07wnt3evtkel83,1
stars1753qf6l4nv6whkslvux44f0zecj9np46je9dd6,1
stars1p4hcl6yp5c37fv0ra7psrttjsufl3qff5qanaa,1
stars1fd2wxqhwd7jtvsgkjpwjpkqjrh7j3mdwca2y8g,1
stars13fkysdxfffhra89svrswv47cn54jrhzugklmgw,1
stars1d0p3tyme82srm8ywlpldzxs635f5k9yyw4q7pc,1
stars1wpenvrdpu7uye9wt9lpl5awpmugr7huyupm46a,1
stars17hnk7y9ec9zm79sxlfrvg5n0czpnacpkt0hgsg,1
stars15x809j67lhv02g8s59nk38qzjfekd6zdh8luql,1
stars1nul93xq4es683ee03rctw6vqhmhd7aggs6vaw6,1
stars1w4ye3s4e75hj6kynque59kw9e467xuycle3kkz,1
stars1qdg6fnuxlvwaj0g2r7qydqe7flhpj0eah5gax8,1
stars1lx34u6l4f4d03l69fse2jqrt2qlk05l2rr98sh,1
stars1f2ead932f9vn42cjtsq6v5e8zcj3nfsd3yr5ch,1
stars1cdtyy29mre322xxpt2yvmz75crs3pl5t6nktjz,1
stars1500u8hmh2jvat04063gkm3y8p2kjn8kjwsg29p,1
stars1tp5jzwdmwhzj7ctp03t90rjqvcd0s2789qterd,1
stars1s25ljhefr3jz8anaq8w9rgt5yyu5veu0hzazgw,1
stars1aug5n9fj784f4an5fhmvxydrjxunz2jnt8e2mh,1
stars1zcy7h9vpj2g4w0xw3ta3ky977z6e6ht03dkjg3,1
stars1rta9aa5dzsr3kvcf2x8x8zeycd0yw4st6j4khd,1
stars1r2rja90yecjq0wtrm5xcy7je2f8mzhdlgrzwh3,1
stars183nnun3xl7amzskn3apmnx7h6gwr427cg08cyp,1
stars130umlsvuey3ss03p9pnmnww4mx3zta4sv7k32n,1
stars1r5m978tlcuuuvmaw6xqdj2k2qpv5myxwkzw0aa,1
stars1chdfhdqkys80t6wpdext7kxc6n9hhaffpdtq56,1
stars1t28kntrheqdee3g6lq5yqsp2487frx2nymma59,1
stars1znmc3jd0lmp569x2rsgrjkcm5u6xd2aausjffw,1
stars166sljdvtfuld5cvpl0rtrjw0w5vvc328f92r6w,1
stars155gygt2awt09mczg5um5q4uxkvcvh7htxurlhn,1
stars1pv7plkyzxm0t98gqnmhe5wtd8kht6w8lsgmhy9,1
stars1kqx367g9fwqltrryckxq6zepsrqtuuskelr5my,1
stars1yrqwr8ql9j6mr7yc3fmtmzelzesjgflnmjs6gc,1
stars1leq9nhekng7xqmpcqz2gygr289337wcs9qw2au,1
stars10e76vpqgr5m3e9ryv78z9m4xpqgrs3eh4qyfjk,1
stars1gym9qj34npd9mldnhaqd88ec2hrc5vh2ggjch7,1
stars14khw8xqnehvquuh7lcpr2t6mxmkdfme8dcnwrw,1
stars1hsr2jqc7fwzn8ef393kjt59k2uu8evftetx7f9,1
stars1dcan57875w76tx0mfj5s6xu0dfaq6tdgs72ye7,1
stars17k22my0ut4qumcpslteuv32956r4jmyp6pte6m,1
stars105h0ls8cl5wm0h7y2j6j6qpnu4vhzefynp4xzq,1
stars16xthm094wwpyh5s7s3dxzmdrdnsg5sys45km5f,1
stars1hs9f9ynf3r69wlvsp5kl9naduymdcyuhkl980j,1
stars1m0w4tutaz0x6txxte6erncnduyt2dxnhh0de20,1
stars1c6vxwveatlnrskprrwzhe2x5cu2g60pr4c8vrq,1
stars1ddmmtady24ncs5z8k5tuqyvpcfvxjc6ury4t9u,1
stars12s7cfwfj3jc8f89cw8ws0jfaux37tyjwj76gl7,1
stars1dqyav4ldrts5jelh8ymflnn99wnx0k4yp9p23d,1
stars1zvdsu7akmd07lsl4cvk5hmgumld7nf9ls43qnc,1
stars17uwcdsd0gmkmseumwj5vwuekuu6q6mtuwhcm29,1
stars1vm7wfrwdax0eqhulsvxaawztucxecyyfk0lrnn,1
stars1fp7lar7valvpajdxealzhaf5julcpvrl348p20,1
stars1csf3up94qheqz88fvvlwjl7vc5sdymarpyqz5c,1
stars1uq7autrjxrdt8csc04jse8z5p7a7mwmephe64n,1
stars1nd4pqj20utfvw9wm432tr66edq8y7me2jc2mey,1
stars1wqzc0l8jtxpmgp9vzajkw2alzdlvuq3lpfrj5e,1
stars1x6z6fqwd72azaw0q8sx8hmytafcp5p3xmrrryc,1
stars19adzqrlqmpe7ym47dpauz6vrdg733n0j7ljpqq,1
stars1s2m9qpga9mehpunpp6ugsly3axd824y25ztj30,1
stars1lmfvvsltmghkkzjza2eke0cnzpgp0nw2rs5m0y,1
stars1g5uqs7gzujjvulchkp9epcmdwhecr73jacwt8t,1
stars1fra5zvqrwan9mhppuumn6n82np5r8s4ja60prn,1
stars1xdu8wqnsv458vr8z77g99rv46djdn9adtwvj7f,1
stars17upudv4lhm30s2zkg8a9yha3tm6tvjjjhrwt94,1
stars1aal3unq7g3edp8wth3p8zwdvyn8ygvnqpupw3x,1
stars1ql7apde38p938g93cpaqt6043ners28zp37tfu,1
stars14a5k766uzslczxp22g5chu6xkw4gcdgjg9frnc,1
stars103verdnv4pzztty50ua7gs5gj25l2gwud4yz2f,1
stars1wqaluwpj8q5dfccvyuhgdsen6ld6pr42y62uf6,1
stars1hczj0kvfjq78a4k6x9wwyvfardfxggpna55wv7,1
stars1442jxc2sdh0rpw20lt0w2gep50kypjy3culxc2,1
stars1ctzxydq722jx7cf3aumv658ulat0e9l6pgqe62,1
stars1wvgwyvqh7gwus8m684jhdhzs85fgtvj26tm8dg,1
stars1ahmyxxnt40txyhwgaqx5n4jp2udrdmazu25htl,1
stars1w9knfjkh4rws9gj9nm7fuja4aj3q49y75xz2kk,1
stars1xrzcfx7sf95wcfscdcjfrhdma6mzfkx4f2vetn,1
stars1kg07v7hqfvddx8fekvuy7rtldtv4qxg7en7kcp,1
stars1pr89pv204mdcary0sems20x5572t90fqrd34rm,1
stars1jnzwqmdqsq36xkjntr2tdu4gv4cxr9zd4p55lv,1
stars1rts33gaex2hnp45yjqzenxk263jmczw0jkgmnm,1
stars1qykpgnx9w9ezw45qqee3tywzzzn2zzly3vgath,1
stars1qnm7vjlp06set0r9dxmlxlssz4l7l9qmhx9s2f,1
stars1nw33tg8j5hhxdszhucw9s0fpm4wyrmddknqcqk,1
stars1jt4z8jpwnzy8fffke6hqm8ruqd5nllk478zdc7,1
stars1faeax06ypmxvmx4fdk8ktyam6mgucc4vq96tus,1
stars1mw6l2gd2l0jt8phz7yz5l7vyfl4h2qpkcvfc7f,1
stars1ucnr5elfxnharyae0z37ephkp6gkm9drhxzuf7,1
stars1u92eh2u7f8wt6qv5yp7hkzpjt2u9ky5mq2t059,1
stars12pt55nz633ylfd5h2ze62unum4ddwupy4jdltl,1
stars1alk8p6hh58nyctjcccuwcrwl4hswzch0uel24t,1
stars1rsz009hwhcq35du5tes7qs2zklnmf2cmdgh2af,1
stars1lu066kuh9w9jnw6a20e9n6lm9jd6d2rav0cjvj,1
stars1cffcxy2jhvm53nutzttjysk8kh0cwtmtd409x0,1
stars10gkc3y5erztnve4s3w065q9jepdxum8rhetunh,1
stars1keaeu3wellxk2hzf3x3hx6dk5c0psh0trne8la,1
stars1tf3xcpumsqtzq99pz5zy6udn3q9vwkd6rz8plh,1
stars1y99pg9zzmxrhusagnxgm6r9mxgnnw23633fmhc,1
stars1k6geqpyeg4apff3c546pafywtdtdmuv8m3p72q,1
stars16caj0q5r04qaz0e5ejxd85uh8zna6jsc9nc5x2,1
stars1cd3684udm8jgzppm2y792nh0hw3mcrg2827hxg,1
stars17593qqceld6d9c9tdvfvdawkvkdpv2jq7u2dya,1
stars1c8gphznsyfu52xqrvxkpw20krplp8gs0jv92f7,1
stars1w0w9rhf6fjd3rd3lsu9t02nteg5uxksjglcyx9,1
stars1cwduarkw55pq7zm7yjehsvpatc946gvftgu3jx,1
stars1ppfu7hu3jjc4hhmyqeqwd7wu29kycdya8pq2fz,1
stars1n45t2sknp6gjj85f25sazprq7q8kyweqkf5zj6,1
stars1wvjl69xk7lxde8l2ufzndw2ee9werdfva2xjrk,1
stars19l5r4g7p880efz3tcw3cfen9w86tplffh73etu,1
stars1j375hl47sf866g082v9mqcn7hrvyu8evm6g4ul,1
stars1kqtu5swvgzqqe6es7l6sj82swg7g37l5vfryhg,1
stars1jzlj4rvg63g0x46a0zhtleqkuc5lc6hqxm4972,1
stars14ek8x7prpmrqhvvysumqzhapl32ku7erru7vcn,1
stars1mlxynkqd9js8tkdnkk0e27lgz7x9lt866n5r44,1
stars1228wng0vsu6afsn4f0hv6xchkfefcj7m9vgfkh,1
stars1wcmntesje5uq2dklhen7cpn2npv6qu7lsgycce,1
stars1r9k2qlxaa0s042q8qhpm9xckk79qk6gydec5cy,1
stars1vn97l4slukxanq4hqtj897hf43yknsm9yymtz2,1
stars1zxg7695uplngjylndt46xms77v9lyxx8n5jj8w,1
stars1ldm9d5gex7f58vh0g6pdt48xt4lz9fdmjyazyp,1
stars1zq5jzkn3gczy99sqzffhfeyfd0g3pfhcu9srs7,1
stars1rrwsfdglyqzvedvtangx9xgrhq63ht5mxq89sc,1
stars1ux8zlvpsvmvnnrqxm0an2kff2rr7950cttpuaz,1
stars1nj77p5faw0je5590c37useceu2su58xj7rw3f4,1
stars1d6r9qskwduu6xgczu7qas6hvxsazsdt2ge8nu9,1
stars15e48k6j8hsvlvpy58qjtdprwpypankx4z4m7l4,1
stars1kz7405m6eus8n3gfrfurl8t92w6g2hp0pszl88,1
stars1h5p3khgvslusc9s8kjkvfgyt4axm9f5hetj3u4,1
stars1hk792hvg4tl27tqg7fqeaezj8qu06u0aazzk27,1
stars14pf2zcep4vfng3aw0wvf45mz42a8mujwk4cuwk,1
stars1wzxvhkdnaq72lrczcj09qju9l7xvru8h5nkl7y,1
stars1p0fyncn75x3mvcy3y883k8te79lmu0c00vxkvt,1
stars1x8rj2etsugmr6rp4exywdsemtye5s4md8zg5wc,1
stars1rc6zk2k0las34k4zn5msp4d48yuukg0j5t049w,1
stars15kzerjgs7vf9k507c03r47yr8kmjcmesxzytuf,1
stars1xq7x8m9uqmhldgzqgm5w8adk2s00qpsdftyckv,1
stars15qypa0nx5yn2jdvms26fcejra6axjdea6nyk4w,1
stars1uuvvh83hpd3jndpt9l8tw63r7k63z9aspaqwu9,1
stars12u0wgsnj7p3gr05xetdaen3je65fl5rth764vg,1
stars1lvdrt5ed03fndzwtklt4rjf05t8gy8d693he9x,1
stars1xspdz4gq2gc9c4haygl87cpga3lekvza25u7gc,1
stars1t3ajryk6y5ljfk85yxhkut73f3ex0e4283p80d,1
stars1czw8kd733420g0wpgt7kptprd2ql9dwzcqnw39,1
stars1sltqlvmh7jw6pcwe4kvclfksa4u7gsnuj26dt0,1
stars16fsnqrpfhhnw72ltkf33xhrym7fte6ykjmyesg,1
stars1upe94tu9r6nk8qgksndrmsd3y0j4v4gd0dsxmy,1
stars1zux0djv2xasrpddung50estdghmcddtasamw76,1
stars1f9v2zr08heg520zyq5luklats2rxx4ta0yeug2,1
stars17y3zsl58t8m297jh5m9kdlw64f3pkz865ptcvt,1
stars1d6cxhwr6g5ysqu3uj9cvkh7d9sqh43q6y43q3u,1
stars1h5x5yzxn8a2z2ehf9v0qg4kngj5ajeawyzfee6,1
stars1ac0jgy46wa3axh9yjgxgkqn48feqtkenrl3l5w,1
stars143c5l8ggjmrg0lmy2hkmxcl9v2wvnepnftr3ap,1
stars1uxtdj22yjsasxzmsfglvcz9xlq27ltry5440cl,1
stars1pgau0y96k6y2j2493rmq0f290vwj8ekxc2hr33,1
stars1tw59eezlx5j8kr0grl3jryug44wafvmwmp9enj,1
stars152t56ygnm3rkqshvdejpct3z35r0p6k3cljn3g,1
stars1nahkrrrzfddr9rl6vxngua7rk4wt4w3lmur0kf,1
stars1azalsnxu9z264g2cctswvwqy5tvnhf4ksutv20,1
stars1a9h9wjwpaxhuu9exfjfrky6rwzhtungdhkm293,1
stars188sxst5tpvlp2hrheul9r2q87f0ggevuq775vy,1
stars14cerj3vkfl7leynpl0784mxdt2707r0wpjcvsy,1
stars1xxqhmtlmchzqacw5va9hhl075j8sm20e0qssd4,1
stars1sargq03chn6rwee4auvax7mcle3t5hq92hu8ec,1
stars1gsxmtnvu2lp2gtdwxccx0dxnsxmtd6u0s8d24k,1
stars102txhwuzs0nml0vvymmg722ufuq23yztvrwm82,1
stars1p6fyywkmhhzlesjkgsfequudmr7sk78krxc9cl,1
stars173h0t23k4szlscrtqutfts9ugn4huu73cezpde,1
stars1ztr302a42xk8y2r62xel3myxt6q4ldh09hgqkr,1
stars1f4nge0xje3acafsqx60yr2en8c4dq6hz40cewp,1
stars1f8xqxrgpjvd559sycgzdk27teh4vduc0qshctu,1
stars1w5utzyjtn6a66g4d57gzrueqtn7lt63p5gfvjq,1
stars1upfupkv6qv03m5f5p8nhkuexun8gmj2h3axfd3,1
stars1huwcd2d0v42x5s3y72l0wa69sfd4al8nvsahy9,1
stars1fn63dalxpju03cupf3m6f2kucme5v33vcd4s9s,1
