stars1340wwpwvp703vrjj48zr2flmw802k2mcask5pa,5
stars1mmrd2z9c8r7ahqaksgqc50c4k438lq5yws35ew,5
stars1azes8zlagztlwps95mplm39vwpld08d45ejsww,4
stars10a29hu7chl55ar4wsyjueqxc7smudpvrjlh53k,2
stars15qypa0nx5yn2jdvms26fcejra6axjdea6nyk4w,2
stars1d7qzele2ssqmg034na2gvgghxg5fxa0waewfgh,1
stars1ylm75gruqyhfg5dkeh4k53xsfqlumzr2zdrhg3,1
stars192guner3ahpkfegtptmw2dfxscdqvg3fkanf9n,1
stars1m8r8m76cqd333jrvg5wdc5vewlul6e2gvvq96w,1
stars1p6c63p06fqtlj2t3vzv83ajt8e6xlv7g36tm7p,1
stars1wv8s3cflrukukpe8wt0t246ewamshqlnrq789s,1
stars167x86wtm089su58a0sjg4cg4sumhqyktyqu7hh,1
stars1hheryepdqyamzy4vsh7alcjlwq5k0kfmsusn9v,1
stars1jzt962czzt3ruwsapec9fzmrm7kcj442vjk36c,1
stars1e09gqxzfegmtrjug3epna589umuylzvhcwywzy,1
stars1ut5jsw823mmvr5huqtz7evft6rplxc8a5gtwma,1
stars16zlzmce8klra8je5qu24q8pw7tgplnt6wu2sa9,1
stars1sezunc9x6zwqldypxnn26r9mkqvvlr95fx9zsg,1
stars1j4npyhuznhr9f4sqmupde4578ua32wdh6kwxny,1
stars1r6f5tfxdx2pw5p94f2v5n96xd4nglz5qdgl4l3,1
stars1c7l3lvqp53fdg4ux8yvemsf540s044ne29gwk4,1
stars1qkjcqvwclse06h5zvznhnp9ngvzz74z5pst5sr,1
stars19njf667kw2acwfpapupm5z4tfckfjyy9gn8ynd,1
stars1uq5veg6xs5jyu70cygptuput46fhdkpey8man6,1
stars13dysgqft5q2q7a0t0skh4kxe5q4uxpvyzrd3zc,1
stars183sqv5w0dut265x397j7srgqcyu0dg0tqd44sh,1
stars1dqsmw3sryd4f8ty8sl455ym6usznmdvlryggtz,1
stars1keaeu3wellxk2hzf3x3hx6dk5c0psh0trne8la,1
stars103verdnv4pzztty50ua7gs5gj25l2gwud4yz2f,1
stars1fuvcqj8uw8mkysptlfgjjshvn60jvmhr5s7stf,1
stars130tcpz6l0j9f382prlj67r29jmr25cgpacmd7r,1
stars1dkk0lmjdkp5e0mmy5qf4rsjgd0amcdfv8f8qs0,1
stars1fkqg9qrry2khg02vl3qk0gs4xwwvn2t39t5cme,1
stars1p6p0wwcgxj9alaj27f2ggzp7zsx307slp0cnff,1
stars1z5x07m62laz6thm8quanqgvg42gz99s833eaqw,1
stars1dnl83rxxgg29d7zgwam9sldnr6chtftdvdcvq0,1
stars1chlpr5rzmk99ctx082ekeh4zscvjjeca0pm0e5,1
stars1mp3knpf4yka3dk6fm6h3qprhet26x5exjlpest,1
